stem,day,lvl,before,after,sat,amp_med,err
20260720_174507,20260720,130.7,3.678,1.674,0,3.168,
20260720_175042,20260720,130.0,6.152,2.576,0,3.528,
20260720_175616,20260720,130.0,5.114,2.048,0,3.397,
20260720_180152,20260720,130.7,4.984,2.64,0,3.528,
20260720_180728,20260720,131.0,4.751,2.446,0,3.528,
20260720_181302,20260720,131.0,4.699,1.924,0,3.528,
20260720_181838,20260720,130.3,5.628,2.823,0,3.528,
20260720_182412,20260720,130.0,3.827,1.823,0,3.168,
20260720_182946,20260720,130.0,4.258,2.261,0,3.528,
20260720_183523,20260720,130.7,4.778,1.239,0,3.528,
20260720_184057,20260720,130.3,3.881,1.819,0,3.168,
20260720_184631,20260720,131.3,3.529,0.64,0,3.06,
20260720_185207,20260720,132.7,5.423,2.59,0,3.168,
20260720_185742,20260720,132.7,4.779,2.313,0,3.168,
20260720_190316,20260720,133.3,5.139,2.148,0,3.168,
20260720_190852,20260720,135.3,6.602,2.843,0,3.191,
20260720_191427,20260720,134.0,3.405,1.234,0,3.296,
20260720_192001,20260720,137.3,0.075,-0.514,0,3.168,
20260720_192537,20260720,135.3,8.872,5.408,0,3.528,
20260720_193111,20260720,135.3,3.945,1.18,0,3.168,
20260720_193645,20260720,132.7,6.184,2.464,0,3.528,
20260720_194222,20260720,132.7,3.816,1.0,0,3.168,
20260720_194756,20260720,132.3,4.608,2.177,0,3.312,
20260720_195331,20260720,132.3,2.928,0.833,0,3.06,
20260720_195908,20260720,134.0,3.545,0.506,0,3.528,
20260720_200442,20260720,135.0,3.718,1.116,0,3.168,
20260720_201016,20260720,135.3,4.696,0.967,0,3.168,
20260720_201552,20260720,137.7,3.645,1.288,0,2.772,
20260720_202126,20260720,138.0,4.529,1.372,1,3.168,
20260720_202744,20260720,145.3,9.239,4.152,1,3.168,
20260720_203320,20260720,144.0,4.685,1.111,0,3.168,
20260720_203854,20260720,141.0,1.151,-0.753,0,2.298,
20260720_204428,20260720,142.0,4.347,1.346,0,3.209,
20260720_205010,20260720,144.0,0.394,-0.569,1,2.813,
20260720_205544,20260720,146.3,14.131,9.315,1,3.168,
20260720_210118,20260720,146.0,1.614,-0.451,1,2.438,
20260720_210654,20260720,151.7,6.641,1.982,1,3.168,
20260720_211228,20260720,151.3,3.437,0.842,1,3.168,
20260720_211802,20260720,150.0,0.289,-0.783,1,2.196,
20260720_212338,20260720,152.3,5.736,1.288,1,3.168,
20260720_212912,20260720,157.0,4.123,0.793,1,3.168,
20260720_213446,20260720,157.3,0.884,-0.454,1,1.596,
20260720_214022,20260720,158.7,7.509,2.902,1,3.168,
20260720_214556,20260720,162.0,8.459,2.967,1,3.168,
20260720_215130,20260720,164.7,4.121,0.255,2,3.064,
20260720_215706,20260720,168.7,4.262,0.334,2,3.168,
20260720_220240,20260720,174.0,3.773,0.28,2,2.682,
20260720_220814,20260720,175.7,5.013,1.096,2,3.168,
20260720_221350,20260720,173.3,4.891,1.05,2,2.948,
20260720_221925,20260720,171.3,3.947,0.993,1,2.718,
20260720_222459,20260720,170.7,5.567,0.972,1,3.168,
20260720_223035,20260720,173.7,4.444,1.639,2,3.029,
20260720_223609,20260720,178.0,4.072,1.132,2,2.788,
20260720_224143,20260720,178.0,3.667,1.794,2,2.352,
20260720_224719,20260720,176.0,4.39,0.889,3,2.352,
20260720_225253,20260720,176.3,5.461,1.003,3,2.352,
20260720_225826,20260720,175.0,6.369,0.688,3,2.717,
20260720_230403,20260720,175.7,5.401,0.973,3,2.352,
20260720_230937,20260720,175.0,2.071,0.563,3,2.352,
20260720_231510,20260720,172.3,3.008,-0.252,3,2.352,
20260720_231728,20260720,171.3,4.418,0.973,3,2.365,
20260720_232021,20260720,171.3,6.22,0.532,3,2.352,
20260720_232314,20260720,171.7,5.884,0.182,3,2.352,
20260720_232612,20260720,171.0,5.943,2.045,3,2.352,
20260720_232905,20260720,172.0,2.484,0.282,4,2.352,
20260720_233159,20260720,171.3,5.992,1.796,3,2.352,
20260720_233452,20260720,169.7,-0.122,-1.126,3,2.04,
20260720_233745,20260720,170.7,7.274,2.707,3,3.168,
20260720_234039,20260720,172.7,6.014,1.961,3,2.352,
20260720_234332,20260720,173.0,2.563,0.225,4,2.352,
20260720_234625,20260720,172.3,3.807,1.14,4,2.352,
20260720_234919,20260720,171.0,4.742,1.022,3,2.352,
20260720_235217,20260720,171.7,4.379,1.077,3,2.352,
20260720_235510,20260720,170.7,3.35,-0.33,2,3.168,
20260720_235804,20260720,167.7,4.593,1.304,3,2.352,
20260721_000057,20260721,164.7,4.185,1.102,4,2.966,
20260721_000351,20260721,164.0,7.369,3.022,4,2.966,
20260721_000644,20260721,163.0,4.83,0.334,4,2.902,
20260721_000938,20260721,164.0,2.224,-0.236,4,2.889,
20260721_001231,20260721,162.7,3.96,0.647,4,2.889,
20260721_001525,20260721,162.7,2.768,0.736,4,2.668,
20260721_001825,20260721,158.3,3.773,0.445,4,2.45,
20260721_002118,20260721,152.3,3.764,1.706,4,2.889,
20260721_002412,20260721,147.0,3.038,1.279,3,2.966,
20260721_002706,20260721,138.3,3.699,0.836,3,2.966,
20260721_002959,20260721,129.0,2.948,1.655,3,2.828,
20260721_003253,20260721,121.0,3.052,0.349,2,3.335,
20260721_003547,20260721,115.3,1.891,0.448,2,3.598,
20260721_003841,20260721,110.0,4.952,2.373,2,2.966,
20260721_004134,20260721,107.0,7.191,2.93,1,3.718,
20260721_004431,20260721,103.0,0.043,-0.408,1,2.667,
20260721_004724,20260721,97.3,6.874,2.96,1,3.718,
20260721_005042,20260721,84.0,6.296,2.193,0,3.718,
20260721_005336,20260721,63.7,6.581,3.979,0,3.718,
20260721_005630,20260721,43.3,6.883,2.516,0,3.718,
20260721_005924,20260721,26.3,7.72,5.64,0,3.718,
20260721_010217,20260721,16.7,-3.435,-3.44,0,3.718,
20260721_010511,20260721,12.0,12.534,9.32,0,3.718,
20260721_010607,20260721,9.3,8.195,5.508,0,3.718,
20260721_011143,20260721,0.7,10.368,8.354,0,3.718,
20260721_011753,20260721,0.0,nan,nan,0,3.718,
20260721_012326,20260721,0.0,nan,nan,0,3.718,
20260721_012901,20260721,0.0,nan,nan,0,3.718,
20260721_013433,20260721,0.0,nan,nan,0,3.718,
20260721_014007,20260721,0.0,nan,nan,0,3.718,
20260721_091439,20260721,0.0,nan,nan,0,3.718,
20260721_092012,20260721,0.0,nan,nan,0,3.718,
20260721_092548,20260721,0.0,nan,nan,0,3.718,
20260721_093121,20260721,0.0,nan,nan,0,3.718,
20260721_093654,20260721,0.0,12.843,12.843,0,3.718,
20260721_094229,20260721,2.7,11.177,9.841,0,3.718,
20260721_094854,20260721,12.7,10.101,8.465,0,3.718,
20260721_095147,20260721,20.3,8.876,7.477,0,3.718,
20260721_095441,20260721,36.0,6.404,4.846,0,3.718,
20260721_095735,20260721,56.7,-3.049,-3.917,0,2.966,
20260721_100029,20260721,77.3,4.443,2.222,0,3.718,
20260721_100323,20260721,90.3,5.4,2.479,1,3.718,
20260721_100617,20260721,99.0,6.786,3.126,1,3.718,
20260721_100915,20260721,107.0,4.9,2.655,2,3.718,
20260721_101209,20260721,112.3,4.874,2.037,2,3.275,
20260721_101502,20260721,120.3,5.562,1.38,2,2.966,
20260721_101756,20260721,128.7,6.549,2.099,3,2.966,
20260721_102050,20260721,136.3,8.009,4.183,3,2.966,
20260721_102343,20260721,142.0,11.375,6.257,3,2.966,
20260721_102637,20260721,150.0,-0.018,-1.234,4,2.889,
20260721_102930,20260721,154.3,5.986,0.406,4,2.966,
20260721_103223,20260721,157.7,2.488,0.197,5,2.217,
20260721_103521,20260721,159.3,9.733,4.444,6,2.479,
20260721_103815,20260721,160.7,3.618,1.161,6,2.479,
20260721_104108,20260721,162.7,3.06,0.725,6,2.479,
20260721_104401,20260721,164.3,5.169,0.856,6,2.479,
20260721_104655,20260721,163.3,2.742,0.363,6,2.479,
20260721_104948,20260721,163.3,3.027,0.229,5,2.479,
20260721_105241,20260721,162.0,6.19,1.544,5,2.889,
20260721_105535,20260721,161.3,6.022,0.726,4,2.966,
20260721_105828,20260721,160.0,12.379,6.934,4,2.966,
20260721_110130,20260721,159.3,11.24,6.186,4,2.966,
20260721_110423,20260721,159.3,10.226,5.004,4,2.966,
20260721_110717,20260721,161.7,12.852,7.892,5,2.889,
20260721_111010,20260721,163.0,6.158,1.587,4,2.966,
20260721_111304,20260721,160.7,3.93,0.651,5,2.217,
20260721_111557,20260721,159.3,6.651,1.347,5,2.889,
20260721_111850,20260721,159.7,5.146,1.226,5,2.889,
20260721_112144,20260721,160.3,4.333,0.601,5,2.889,
20260721_112437,20260721,159.3,4.512,0.833,5,2.889,
20260721_112737,20260721,159.7,10.525,5.773,4,2.966,
20260721_113030,20260721,158.7,-0.41,-0.579,5,1.977,
20260721_113324,20260721,156.0,4.072,0.047,4,2.889,
20260721_113617,20260721,153.0,-1.409,-1.588,4,1.974,
20260721_113749,20260721,150.7,-14.556,-15.001,4,2.17,
20260721_114324,20260721,156.0,4.47,1.024,4,2.966,
20260721_114902,20260721,161.7,-0.884,-2.052,4,2.217,
20260721_115437,20260721,167.0,-0.373,-0.884,6,2.479,
20260721_120012,20260721,168.3,1.66,-0.277,6,2.479,
20260721_120549,20260721,165.0,3.231,0.871,4,2.889,
20260721_121124,20260721,159.0,2.01,0.346,3,2.889,
20260721_121659,20260721,157.3,4.673,1.801,3,2.889,
20260721_122237,20260721,153.3,5.773,1.83,3,2.966,
20260721_122811,20260721,146.3,-0.337,-1.066,3,2.479,
20260721_123347,20260721,138.0,2.328,0.734,3,2.637,
20260721_123925,20260721,134.3,4.569,1.258,2,2.966,
20260721_124501,20260721,134.0,5.853,2.146,1,3.718,
20260721_125037,20260721,134.7,5.236,2.556,1,2.966,
20260721_125615,20260721,135.3,1.71,0.118,1,2.353,
20260721_130151,20260721,137.7,4.241,1.809,1,2.966,
20260721_130727,20260721,142.3,4.828,1.478,1,2.966,
20260721_131304,20260721,138.7,5.363,1.34,3,2.966,
20260721_131840,20260721,135.0,5.064,2.192,3,2.966,
20260721_132415,20260721,129.3,4.438,1.103,3,2.966,
20260721_132952,20260721,121.3,5.307,1.932,2,2.966,
20260721_133527,20260721,119.3,1.814,-0.126,2,2.966,
20260721_134101,20260721,119.0,3.868,2.035,2,2.907,
20260721_134637,20260721,117.7,6.917,3.424,1,3.718,
20260721_135212,20260721,123.7,2.981,1.582,0,2.966,
20260721_135746,20260721,122.7,7.099,3.581,0,3.583,
20260721_140323,20260721,113.7,6.669,3.665,0,3.718,
20260721_140858,20260721,109.7,5.005,3.052,0,3.718,
20260721_141432,20260721,112.3,3.906,1.972,0,3.682,
20260721_142009,20260721,124.0,6.907,2.406,0,3.718,
20260721_142627,20260721,149.0,3.686,1.679,3,2.966,
20260721_143201,20260721,133.7,5.938,2.92,3,2.966,
20260721_143738,20260721,127.3,5.42,2.413,3,2.966,
20260721_144312,20260721,134.0,7.846,4.935,3,2.966,
20260721_144847,20260721,137.0,3.347,1.151,3,2.889,
20260721_145423,20260721,127.0,4.974,1.894,2,3.718,
20260721_145957,20260721,121.0,2.545,1.228,3,2.558,
20260721_150532,20260721,117.7,6.041,3.319,1,2.966,
20260721_151108,20260721,104.7,-0.593,-1.808,1,1.444,
20260721_151642,20260721,82.0,6.385,3.258,0,3.718,
20260721_152216,20260721,73.3,3.912,1.447,0,3.718,
20260721_152752,20260721,69.3,6.134,3.248,0,3.718,
20260721_153326,20260721,71.7,5.875,3.305,0,3.718,
20260721_153900,20260721,76.7,6.712,3.787,0,3.718,
20260721_154437,20260721,78.0,7.547,4.201,0,3.718,
20260721_155011,20260721,80.0,7.474,3.452,0,3.718,
20260721_155545,20260721,80.3,7.022,3.468,0,3.718,
20260721_160121,20260721,88.0,5.936,3.172,0,3.718,
20260721_160655,20260721,111.0,6.059,2.707,0,3.718,
20260721_161230,20260721,111.0,5.423,2.374,0,3.716,
20260721_161806,20260721,98.0,6.405,3.666,0,3.718,
20260721_162344,20260721,88.0,6.393,2.868,0,3.718,
20260721_162935,20260721,82.7,5.206,2.287,0,3.718,
20260721_163512,20260721,67.7,5.925,3.14,0,3.718,
20260721_164046,20260721,68.0,5.749,3.547,0,3.718,
20260721_164620,20260721,69.7,5.381,2.238,0,3.718,
20260721_165156,20260721,65.7,6.648,4.501,0,3.718,
20260721_165730,20260721,66.0,6.141,4.436,0,3.718,
20260721_170304,20260721,65.7,5.476,3.335,0,3.718,
20260721_170840,20260721,61.3,6.88,4.42,0,3.718,
20260721_171414,20260721,67.0,5.328,3.0,0,3.718,
20260721_171948,20260721,76.7,5.376,3.81,0,3.718,
20260721_172608,20260721,59.7,6.772,3.61,0,3.718,
20260721_173141,20260721,49.0,8.056,4.234,0,3.718,
20260721_173716,20260721,34.3,8.286,5.696,0,3.718,
20260721_174251,20260721,19.7,8.968,5.847,0,3.718,
20260721_174825,20260721,16.3,9.511,7.028,0,3.718,
20260721_175358,20260721,21.7,7.485,4.511,0,3.718,
20260721_175935,20260721,40.7,8.576,5.076,0,3.718,
20260721_180511,20260721,63.3,5.794,3.938,0,3.718,
20260721_181050,20260721,102.0,5.566,2.282,0,3.718,
20260721_181632,20260721,108.0,5.231,1.401,1,3.718,
20260721_182209,20260721,105.7,-5.19,-5.196,3,1.977,
20260721_182744,20260721,118.7,9.336,6.242,2,3.679,
20260721_183327,20260721,120.3,5.674,2.365,3,2.966,
20260721_183904,20260721,135.3,7.119,3.339,3,2.966,
20260721_184442,20260721,128.7,8.252,4.484,1,3.718,
20260721_185020,20260721,91.7,1.949,0.951,0,2.966,
20260721_185559,20260721,126.7,5.734,2.65,2,2.966,
20260721_190138,20260721,125.0,4.274,1.911,0,2.966,
20260721_190718,20260721,119.0,7.139,3.875,3,2.966,
20260721_191257,20260721,129.0,0.236,-0.136,3,2.217,
20260721_191831,20260721,131.0,10.104,5.909,3,2.966,
20260721_192409,20260721,108.7,5.286,1.944,1,3.718,
20260721_192946,20260721,107.0,-6.969,-7.874,3,2.479,
20260721_193521,20260721,114.7,2.823,0.441,3,2.868,
20260721_194058,20260721,107.0,7.278,2.466,1,3.718,
20260721_194632,20260721,101.7,4.928,2.068,0,3.718,
20260721_195212,20260721,92.3,9.883,5.799,0,3.326,
20260721_195748,20260721,86.7,2.381,1.21,0,3.718,
20260721_200322,20260721,59.3,3.239,1.902,0,2.966,
20260721_200857,20260721,69.0,4.378,1.908,0,3.718,
20260721_201435,20260721,65.0,-6.586,-6.606,0,2.479,
20260721_202010,20260721,89.0,4.761,1.816,0,3.718,
20260721_202627,20260721,98.0,5.354,3.259,3,2.966,
20260721_203205,20260721,100.7,5.248,1.996,3,2.966,
20260721_203740,20260721,112.7,15.478,11.065,3,2.966,
20260721_204315,20260721,118.7,7.285,4.505,3,2.966,
20260721_204852,20260721,113.7,-3.493,-3.714,3,2.363,
20260721_205427,20260721,130.0,4.335,1.449,2,2.966,
20260721_210002,20260721,154.0,5.555,2.238,3,2.966,
20260721_210540,20260721,151.7,3.532,0.353,3,2.966,
20260721_211115,20260721,149.3,5.919,0.984,3,2.966,
20260721_211650,20260721,154.0,-17.15,-17.148,4,2.479,
20260721_212226,20260721,157.0,9.832,6.236,4,2.966,
20260721_212801,20260721,140.0,4.007,1.133,3,2.964,
20260721_213335,20260721,156.3,5.896,2.195,5,2.832,
20260721_213912,20260721,156.7,-8.195,-8.903,4,2.535,
20260721_214448,20260721,134.7,13.342,9.491,4,2.966,
20260721_215023,20260721,148.7,6.266,2.304,3,2.966,
20260721_215559,20260721,159.7,1.607,0.248,3,2.217,
20260721_220134,20260721,156.0,6.99,2.802,5,2.889,
20260721_220709,20260721,159.0,19.314,14.372,3,2.966,
20260721_221246,20260721,152.0,8.42,2.59,4,2.966,
20260721_221820,20260721,160.3,0.147,-0.808,6,1.977,
20260721_222355,20260721,164.3,4.443,-0.078,4,2.966,
20260721_222932,20260721,163.0,11.473,6.257,4,2.966,
20260721_223507,20260721,161.3,-2.327,-2.801,5,1.658,
20260721_224041,20260721,160.7,-5.352,-5.707,5,2.149,
20260721_224618,20260721,160.7,3.154,-0.246,4,2.889,
20260721_225154,20260721,163.0,5.171,1.166,4,2.966,
20260721_225729,20260721,161.0,4.642,0.364,4,2.966,
20260721_230306,20260721,165.7,4.367,0.205,4,2.966,
20260721_230841,20260721,163.0,2.813,-0.645,4,2.889,
20260721_231425,20260721,158.7,-7.856,-9.883,4,2.966,
20260721_231746,20260721,155.0,3.828,1.168,6,2.479,
20260721_232039,20260721,155.7,-7.459,-8.084,6,2.217,
20260721_232333,20260721,151.3,8.981,5.258,6,2.479,
20260721_232626,20260721,155.0,2.947,-0.937,6,2.479,
20260721_232920,20260721,158.0,6.793,2.93,5,2.889,
20260721_233213,20260721,161.7,1.635,-0.471,5,2.217,
20260721_233507,20260721,165.0,3.292,-0.121,5,2.678,
20260721_233801,20260721,166.0,3.237,1.012,5,2.678,
20260721_234054,20260721,160.3,3.264,0.603,5,2.889,
20260721_234348,20260721,156.7,3.619,0.489,5,2.844,
20260721_234650,20260721,158.7,3.605,0.362,5,2.854,
20260721_234944,20260721,160.0,4.501,0.201,5,2.889,
20260721_235237,20260721,152.3,4.59,0.862,4,2.889,
20260721_235531,20260721,158.7,7.313,2.521,4,2.966,
20260721_235825,20260721,154.7,0.932,-1.393,4,2.805,
20260722_000118,20260722,147.0,1.723,-0.409,3,2.824,
20260722_000413,20260722,142.3,9.006,2.439,4,3.13,
20260722_000707,20260722,126.3,-4.999,-5.405,4,2.508,
20260722_001000,20260722,109.7,-3.199,-5.881,2,2.546,
20260722_001256,20260722,114.3,3.721,0.558,1,3.415,
20260722_001550,20260722,120.0,9.539,5.015,2,3.415,
20260722_001844,20260722,128.7,0.931,-0.735,3,2.546,
20260722_002138,20260722,130.7,12.364,6.275,3,3.415,
20260722_002431,20260722,121.3,-0.781,-3.093,2,2.641,
20260722_002725,20260722,118.0,-5.984,-6.334,2,2.516,
20260722_003019,20260722,113.0,10.772,5.035,2,3.415,
20260722_003313,20260722,98.7,7.542,2.971,2,3.415,
20260722_003606,20260722,93.3,2.603,0.447,0,3.763,
20260722_003905,20260722,101.3,-11.788,-12.247,0,2.409,
20260722_004159,20260722,101.0,1.708,-1.216,0,3.346,
20260722_004453,20260722,91.0,11.141,6.451,0,3.82,
20260722_004747,20260722,69.3,6.734,4.679,0,3.82,
20260722_005041,20260722,50.7,9.222,6.399,0,3.82,
20260722_005335,20260722,36.3,-2.172,-4.265,0,3.415,
20260722_005629,20260722,20.7,8.223,5.334,0,3.82,
20260722_005922,20260722,8.3,-38.381,-38.396,0,2.966,
20260722_010216,20260722,2.0,19.85,16.375,0,3.82,
20260722_010550,20260722,0.0,-8.107,-8.107,0,3.82,
20260722_011125,20260722,0.0,nan,nan,0,3.82,
20260722_011735,20260722,0.0,nan,nan,0,3.82,
20260722_012308,20260722,0.0,nan,nan,0,3.82,
20260722_012846,20260722,0.0,nan,nan,0,3.82,
20260722_013419,20260722,0.0,nan,nan,0,3.82,
20260722_013952,20260722,0.0,nan,nan,0,3.82,
20260722_091432,20260722,0.0,nan,nan,0,3.82,
20260722_092006,20260722,0.0,nan,nan,0,3.82,
20260722_092541,20260722,0.0,nan,nan,0,3.82,
20260722_093114,20260722,0.0,nan,nan,0,3.82,
20260722_093647,20260722,0.0,25.034,25.034,0,3.82,
20260722_094222,20260722,0.0,4.483,4.483,0,3.82,
20260722_094800,20260722,2.0,31.267,31.281,0,3.82,
20260722_095059,20260722,5.7,14.9,14.087,0,3.82,
20260722_095353,20260722,12.0,12.501,9.729,0,3.82,
20260722_095647,20260722,22.7,16.539,12.343,0,3.82,
20260722_095941,20260722,35.3,6.58,4.137,0,3.82,
20260722_100235,20260722,56.3,13.897,9.215,0,3.82,
20260722_100529,20260722,68.0,6.367,3.762,0,3.82,
20260722_100823,20260722,78.7,5.387,1.596,0,3.82,
20260722_101116,20260722,75.0,8.268,4.594,0,3.82,
20260722_101410,20260722,78.3,8.128,4.483,0,3.82,
20260722_101704,20260722,93.7,10.0,5.867,0,3.82,
20260722_102000,20260722,103.3,6.803,2.245,0,3.82,
20260722_102254,20260722,104.0,9.832,5.299,0,3.82,
20260722_102548,20260722,98.7,5.356,1.821,0,3.82,
20260722_102842,20260722,95.0,3.162,1.042,0,3.415,
20260722_103136,20260722,93.7,8.689,5.484,0,3.82,
20260722_103429,20260722,91.0,6.736,4.099,0,3.763,
20260722_103723,20260722,102.7,4.097,0.295,1,3.304,
20260722_104017,20260722,105.3,-0.109,-1.109,2,2.508,
20260722_104311,20260722,106.3,4.932,0.306,0,3.82,
20260722_104611,20260722,116.0,5.714,1.655,0,3.82,
20260722_104905,20260722,112.7,8.256,2.87,0,3.82,
20260722_105159,20260722,111.7,1.417,-0.726,0,3.293,
20260722_105453,20260722,125.3,-1.719,-4.53,3,3.046,
20260722_105746,20260722,123.7,7.759,2.472,3,3.415,
20260722_110040,20260722,137.7,4.588,0.758,2,3.415,
20260722_110334,20260722,144.0,4.034,-0.25,3,3.3,
20260722_110627,20260722,155.0,4.012,0.609,5,2.546,
20260722_110921,20260722,149.7,6.223,0.97,3,3.415,
20260722_111221,20260722,147.0,8.492,3.286,4,2.508,
20260722_111515,20260722,150.3,4.96,1.88,2,3.415,
20260722_111808,20260722,148.7,-0.239,-0.555,4,2.508,
20260722_112102,20260722,142.7,10.716,7.011,2,3.415,
20260722_112356,20260722,131.7,4.698,1.707,1,3.415,
20260722_112650,20260722,118.7,5.023,2.562,0,3.82,
20260722_112944,20260722,104.0,4.711,1.14,0,3.466,
20260722_113238,20260722,98.7,4.49,2.434,0,3.57,
20260722_113531,20260722,115.3,6.905,3.433,0,3.82,
20260722_113815,20260722,113.3,4.518,1.016,0,3.415,
20260722_114351,20260722,96.0,3.276,0.389,0,3.82,
20260722_114929,20260722,84.7,3.729,0.833,0,3.731,
20260722_115504,20260722,77.3,3.477,0.859,0,3.82,
20260722_120039,20260722,79.3,-0.761,-2.654,0,3.243,
20260722_120616,20260722,90.3,11.934,8.334,2,3.415,
20260722_121151,20260722,100.7,4.971,2.54,0,3.477,
20260722_121727,20260722,123.0,-3.874,-4.246,2,2.212,
20260722_122304,20260722,125.0,4.72,1.93,0,3.415,
20260722_122839,20260722,132.0,4.635,1.215,0,3.487,
20260722_123415,20260722,126.7,4.174,1.063,0,3.415,
20260722_123953,20260722,126.0,5.537,1.326,2,3.415,
20260722_124529,20260722,135.0,3.989,1.177,2,3.046,
20260722_125104,20260722,135.3,-0.174,-0.578,2,2.098,
20260722_125641,20260722,132.3,-4.683,-4.676,1,2.661,
20260722_130216,20260722,128.3,7.428,3.421,0,3.56,
20260722_130752,20260722,120.7,2.058,0.107,1,2.939,
20260722_131330,20260722,128.7,15.406,10.309,2,3.415,
20260722_131905,20260722,129.7,12.481,8.182,1,3.415,
20260722_132441,20260722,130.0,3.67,1.355,2,3.415,
20260722_133019,20260722,132.7,7.198,2.725,2,3.415,
20260722_133555,20260722,131.0,3.972,0.422,0,3.417,
20260722_134130,20260722,134.3,10.636,5.627,2,3.415,
20260722_134708,20260722,133.7,-1.096,-2.251,2,2.508,
20260722_135243,20260722,138.0,11.625,5.762,2,3.415,
20260722_135817,20260722,139.0,6.207,2.236,2,3.415,
20260722_140354,20260722,131.7,0.596,-1.5,0,2.502,
20260722_140929,20260722,131.3,6.467,2.05,2,3.415,
20260722_141505,20260722,129.3,-0.433,-1.541,2,2.601,
20260722_142043,20260722,129.0,5.949,1.988,1,3.415,
20260722_142702,20260722,136.7,-0.53,-1.05,2,1.889,
20260722_143237,20260722,140.0,-1.111,-1.579,2,2.508,
20260722_143815,20260722,137.0,2.72,0.267,1,3.062,
20260722_144350,20260722,144.0,4.613,1.595,2,3.415,
20260722_144924,20260722,142.0,-1.611,-2.184,2,2.508,
20260722_145503,20260722,142.7,2.113,-0.408,1,3.421,
20260722_150038,20260722,144.7,4.675,1.612,2,3.415,
20260722_150612,20260722,134.0,7.407,4.055,1,3.629,
20260722_151149,20260722,132.3,-4.492,-4.494,2,2.293,
20260722_151723,20260722,132.7,-6.637,-6.673,2,1.907,
20260722_152258,20260722,135.0,-2.508,-2.954,2,3.261,
20260722_152834,20260722,144.0,5.967,1.588,2,3.415,
20260722_153409,20260722,140.3,6.665,1.677,2,3.415,
20260722_153943,20260722,137.3,18.329,13.68,2,3.415,
20260722_154520,20260722,140.7,-2.959,-3.339,2,2.158,
20260722_155054,20260722,137.7,3.609,-1.058,2,3.415,
20260722_155629,20260722,142.3,-4.242,-5.01,2,2.293,
20260722_160206,20260722,142.7,-1.877,-2.227,2,2.546,
20260722_160740,20260722,137.7,-6.212,-6.661,1,2.309,
20260722_161314,20260722,133.0,1.426,0.681,1,3.256,
20260722_161851,20260722,142.3,-12.856,-12.856,2,2.293,
20260722_162425,20260722,133.7,2.109,-0.698,1,3.394,
20260722_163000,20260722,131.7,-17.219,-17.242,3,2.546,
20260722_163536,20260722,146.3,2.261,-0.935,2,3.083,
20260722_164111,20260722,144.3,10.472,5.434,2,3.415,
20260722_164645,20260722,143.7,10.149,4.941,2,3.415,
20260722_165222,20260722,138.3,31.959,27.208,1,3.82,
20260722_165757,20260722,135.3,2.615,-0.358,2,3.415,
20260722_170331,20260722,134.7,-0.104,-1.391,2,3.415,
20260722_170908,20260722,143.0,13.257,7.086,2,3.415,
20260722_171443,20260722,141.7,11.147,5.692,2,3.415,
20260722_172018,20260722,133.7,12.424,6.867,2,3.415,
20260722_172638,20260722,138.7,19.173,13.281,0,3.82,
20260722_173212,20260722,137.7,4.922,0.826,2,3.415,
20260722_173747,20260722,140.3,15.967,10.4,2,3.415,
20260722_174323,20260722,136.0,4.206,0.679,2,3.415,
20260722_174858,20260722,134.0,2.903,0.075,1,3.415,
20260722_175432,20260722,138.0,-3.384,-4.55,2,2.508,
20260722_180009,20260722,141.0,11.077,6.264,2,3.415,
20260722_180543,20260722,141.0,13.472,8.199,0,3.436,
20260722_181118,20260722,141.0,12.376,6.746,2,3.415,
20260722_181654,20260722,135.0,10.423,5.57,2,3.415,
20260722_182229,20260722,138.3,16.436,11.022,1,3.82,
20260722_182804,20260722,132.0,3.338,0.052,1,3.415,
20260722_183340,20260722,130.7,-1.293,-2.125,1,2.171,
20260722_183915,20260722,133.3,11.652,6.872,1,3.415,
20260722_184449,20260722,131.0,10.634,5.54,2,3.415,
20260722_185026,20260722,133.0,29.801,25.563,1,3.82,
20260722_185601,20260722,128.3,7.209,3.673,2,3.415,
20260722_190136,20260722,127.7,22.045,17.376,1,3.82,
20260722_190713,20260722,126.3,-9.74,-9.74,2,2.293,
20260722_191247,20260722,128.3,-2.76,-2.859,1,2.293,
20260722_191822,20260722,132.0,28.884,23.691,2,3.415,
20260722_192358,20260722,124.3,-0.376,-3.258,1,3.82,
20260722_192933,20260722,141.0,19.304,13.65,2,3.415,
20260722_193507,20260722,137.7,16.261,11.599,1,3.82,
20260722_194044,20260722,137.7,6.555,1.757,2,3.415,
20260722_194618,20260722,136.7,12.518,7.61,2,3.415,
20260722_195153,20260722,136.7,34.279,30.172,1,3.415,
20260722_195730,20260722,144.7,3.037,-0.288,2,3.415,
20260722_200304,20260722,143.3,0.733,-0.549,2,3.16,
20260722_200839,20260722,140.3,-14.165,-14.169,3,2.546,
20260722_201416,20260722,136.7,10.697,5.6,2,3.415,
20260722_201950,20260722,144.0,-11.717,-11.717,3,2.293,
20260722_202609,20260722,154.0,7.023,2.521,3,3.415,
20260722_203145,20260722,149.0,-3.904,-4.552,3,2.508,
20260722_203720,20260722,141.3,4.76,1.112,2,3.415,
20260722_204256,20260722,143.7,0.035,-1.438,2,2.74,
20260722_204509,20260722,142.0,7.187,1.851,2,3.415,
20260722_204819,20260722,147.7,8.364,3.805,2,3.415,
20260722_205344,20260722,149.3,9.953,4.749,2,3.415,
20260722_205909,20260722,151.3,7.618,3.958,2,3.415,
20260722_210436,20260722,150.3,12.658,7.163,2,3.415,
20260722_211001,20260722,155.3,0.83,-1.401,2,3.415,
20260722_211526,20260722,154.3,3.632,0.675,2,3.397,
20260722_212054,20260722,163.7,0.496,-0.83,3,2.508,
20260722_212619,20260722,165.3,3.005,0.148,3,3.415,
20260722_213144,20260722,164.0,14.044,8.271,3,3.415,
20260722_213712,20260722,155.0,8.801,3.366,2,3.415,
20260722_214237,20260722,153.0,-4.32,-4.316,2,2.093,
20260722_214802,20260722,151.3,24.589,19.582,3,3.415,
20260722_215329,20260722,155.3,13.975,8.198,2,3.415,
20260722_215854,20260722,160.0,8.928,4.138,3,3.415,
20260722_220419,20260722,146.7,11.027,4.957,3,3.415,
20260722_220946,20260722,146.7,4.726,0.715,3,3.415,
20260722_221511,20260722,150.0,8.051,3.219,3,3.415,
20260722_222036,20260722,154.0,30.908,26.256,3,3.415,
20260722_222603,20260722,154.0,10.733,4.905,3,3.415,
20260722_223128,20260722,162.0,-1.35,-1.869,4,3.13,
20260722_223653,20260722,158.3,2.219,-0.756,3,2.916,
20260722_224220,20260722,157.3,-10.09,-10.089,3,2.546,
20260722_224745,20260722,158.3,4.371,1.682,4,3.13,
20260722_225310,20260722,156.0,6.058,0.656,3,3.415,
20260722_225837,20260722,156.3,6.572,1.748,5,2.546,
20260722_230402,20260722,156.0,11.755,5.68,3,3.415,
20260722_230927,20260722,154.7,-22.204,-22.214,4,2.293,
20260722_231454,20260722,157.7,5.588,0.557,4,3.113,
20260722_231649,20260722,155.7,2.148,0.408,5,2.546,
20260722_231933,20260722,154.3,6.541,1.703,5,2.546,
20260722_232217,20260722,156.0,4.414,0.181,3,2.558,
20260722_232502,20260722,156.7,0.585,-1.375,3,2.656,
20260722_232746,20260722,155.7,26.007,20.272,3,3.415,
20260722_233030,20260722,157.0,11.74,4.367,3,3.415,
20260722_233314,20260722,155.0,-12.964,-12.964,3,2.293,
20260722_233609,20260722,157.0,10.462,3.701,3,3.415,
20260722_233854,20260722,155.0,-0.967,-2.285,3,2.508,
20260722_234138,20260722,156.3,-5.387,-5.345,5,2.546,
20260722_234422,20260722,157.0,-14.733,-14.735,5,2.546,
20260722_234706,20260722,156.3,12.034,5.499,4,3.13,
20260722_234951,20260722,156.7,4.622,1.164,5,2.546,
20260722_235235,20260722,154.3,11.989,7.764,4,3.13,
20260722_235519,20260722,154.7,-8.587,-8.586,3,2.111,
20260722_235804,20260722,153.7,4.188,1.65,3,2.941,
20260723_000048,20260723,151.3,-2.608,-2.735,3,1.858,
20260723_000332,20260723,146.7,-7.253,-7.832,1,1.873,
20260723_000617,20260723,143.7,15.154,12.347,1,2.403,
20260723_000901,20260723,143.3,2.794,1.602,1,2.403,
20260723_001145,20260723,141.3,5.203,2.759,1,2.403,
20260723_001430,20260723,135.3,-49.201,-49.201,1,1.671,
20260723_001714,20260723,132.7,16.941,14.144,1,2.403,
20260723_001959,20260723,128.7,9.672,6.696,1,2.403,
20260723_002243,20260723,126.3,-21.768,-21.764,1,1.321,
20260723_002528,20260723,120.7,0.144,-1.393,0,2.309,
20260723_002827,20260723,117.7,13.513,10.427,0,2.506,
20260723_003112,20260723,113.0,-11.366,-11.37,1,1.671,
20260723_003356,20260723,110.7,14.155,12.134,0,2.506,
20260723_003641,20260723,106.3,12.72,11.565,0,2.506,
20260723_003925,20260723,101.3,12.942,11.283,0,2.506,
20260723_004210,20260723,96.7,-18.86,-18.86,0,1.378,
20260723_004454,20260723,84.3,7.272,5.326,0,2.506,
20260723_004739,20260723,83.0,8.317,6.774,0,2.506,
20260723_005024,20260723,70.3,10.584,8.61,0,2.506,
20260723_005309,20260723,53.0,-0.958,-1.437,0,2.506,
20260723_005553,20260723,41.3,-7.473,-7.468,0,2.506,
20260723_005838,20260723,29.3,39.831,39.444,0,2.506,
20260723_010122,20260723,20.7,-7.386,-7.594,0,2.403,
20260723_010540,20260723,10.3,15.015,13.845,0,2.506,
20260723_011104,20260723,0.3,-63.231,-63.231,0,2.506,
20260723_011704,20260723,0.0,nan,nan,0,2.506,
20260723_012230,20260723,0.0,nan,nan,0,2.506,
20260723_012753,20260723,0.0,nan,nan,0,2.506,
20260723_013317,20260723,0.0,nan,nan,0,2.506,
20260723_013843,20260723,0.0,nan,nan,0,2.506,
20260723_091650,20260723,0.0,nan,nan,0,2.506,
20260723_092214,20260723,0.0,nan,nan,0,2.506,
20260723_092740,20260723,0.0,nan,nan,0,2.506,
20260723_093304,20260723,0.0,nan,nan,0,2.506,
20260723_093828,20260723,0.0,14.327,14.327,0,2.506,
20260723_094354,20260723,2.0,6.274,6.275,0,2.506,
20260723_094918,20260723,18.0,5.302,4.801,0,2.506,
20260723_094956,20260723,17.7,6.859,6.356,0,2.506,
20260723_095241,20260723,31.0,5.643,5.639,0,2.506,
20260723_095525,20260723,44.0,5.815,3.668,0,2.506,
20260723_095810,20260723,62.7,4.147,3.244,0,2.506,
20260723_100054,20260723,80.3,4.126,2.819,0,2.506,
20260723_100339,20260723,92.7,4.117,2.379,0,2.506,
20260723_100623,20260723,103.3,3.96,2.152,0,2.506,
20260723_100908,20260723,113.0,4.301,1.595,0,2.506,
20260723_101153,20260723,117.0,4.504,2.056,0,2.506,
20260723_101437,20260723,122.3,3.268,1.983,1,2.403,
20260723_101721,20260723,130.0,3.37,1.712,1,2.403,
20260723_102006,20260723,136.7,3.627,1.432,1,2.403,
20260723_102250,20260723,142.0,3.802,1.322,1,2.403,
20260723_102534,20260723,146.7,2.51,1.17,1,2.403,
20260723_102819,20260723,150.7,2.822,1.127,1,2.403,
20260723_103103,20260723,153.0,2.902,0.489,1,2.309,
20260723_103347,20260723,155.0,3.79,1.217,1,2.403,
20260723_103644,20260723,156.3,4.525,1.936,1,2.403,
20260723_103928,20260723,157.0,3.976,0.716,1,2.403,
20260723_104213,20260723,157.7,3.666,0.387,1,2.403,
20260723_104457,20260723,156.0,2.266,0.217,1,2.403,
20260723_104741,20260723,155.7,1.333,-0.378,1,2.309,
20260723_105025,20260723,155.7,0.339,-0.394,2,1.956,
20260723_105309,20260723,156.0,-0.615,-1.488,2,1.861,
20260723_105553,20260723,155.3,-1.019,-1.669,2,1.735,
20260723_105837,20260723,157.0,-1.582,-1.719,2,1.929,
20260723_110121,20260723,156.7,-0.81,-1.532,2,1.982,
20260723_110405,20260723,156.3,-0.302,-1.576,2,1.954,
20260723_110649,20260723,157.3,-1.169,-1.276,2,1.939,
20260723_110933,20260723,157.0,-0.453,-1.1,2,1.982,
20260723_111217,20260723,156.7,-1.203,-1.735,2,1.747,
20260723_111501,20260723,157.0,-1.384,-1.957,2,1.887,
20260723_111746,20260723,156.0,-1.0,-1.422,1,2.174,
20260723_112030,20260723,154.7,-2.929,-3.3,1,1.576,
20260723_112314,20260723,155.3,-2.356,-2.761,1,1.833,
20260723_112558,20260723,154.3,-0.977,-1.921,1,1.828,
20260723_112857,20260723,153.7,-1.862,-2.053,1,1.614,
20260723_113141,20260723,155.0,-1.373,-2.169,1,1.763,
20260723_113425,20260723,153.3,-2.102,-2.491,1,1.933,
20260723_113709,20260723,152.3,-1.788,-2.207,1,1.695,
20260723_113909,20260723,153.0,-1.7,-2.119,1,1.792,
20260723_114434,20260723,154.0,-1.368,-2.457,1,1.933,
20260723_115001,20260723,153.3,-1.893,-2.252,1,1.549,
20260723_115527,20260723,152.3,-1.889,-2.522,1,1.76,
20260723_120052,20260723,153.3,-2.177,-2.796,1,1.904,
20260723_120620,20260723,152.3,1.748,1.157,1,2.403,
20260723_121145,20260723,151.7,2.556,0.179,1,2.403,
20260723_121711,20260723,149.0,2.539,0.522,1,2.403,
20260723_122239,20260723,148.0,3.176,1.833,1,2.403,
20260723_122804,20260723,144.3,2.174,1.011,0,2.403,
20260723_123330,20260723,144.0,3.115,1.477,0,2.403,
20260723_123857,20260723,143.7,3.21,1.574,0,2.403,
20260723_124423,20260723,144.3,3.817,1.694,0,2.483,
20260723_124949,20260723,141.7,2.654,1.196,0,2.43,
20260723_125518,20260723,143.0,3.094,1.416,0,2.46,
20260723_130043,20260723,142.0,3.644,1.714,0,2.506,
20260723_130610,20260723,140.3,3.448,1.979,0,2.506,
20260723_131137,20260723,140.7,3.606,1.902,0,2.506,
20260723_131703,20260723,139.7,2.394,1.154,0,2.506,
20260723_132230,20260723,139.7,3.225,1.488,0,2.506,
20260723_132757,20260723,138.3,3.591,1.835,0,2.506,
20260723_133324,20260723,139.0,4.215,1.464,0,2.506,
20260723_133850,20260723,134.7,3.624,1.804,0,2.506,
20260723_134418,20260723,135.3,3.249,1.551,0,2.506,
20260723_134944,20260723,133.7,4.583,2.545,0,2.506,
20260723_135509,20260723,134.3,5.105,3.076,0,2.506,
20260723_140037,20260723,134.3,4.79,3.261,0,2.506,
20260723_140603,20260723,133.0,4.174,3.136,0,2.506,
20260723_141129,20260723,133.0,4.557,3.699,0,2.506,
20260723_141657,20260723,133.3,3.786,2.746,0,2.506,
20260723_142223,20260723,133.7,3.703,2.584,0,2.506,
20260723_142834,20260723,134.0,4.024,2.983,0,2.506,
20260723_143405,20260723,129.7,4.929,3.266,0,2.506,
20260723_143934,20260723,129.3,4.074,2.95,0,2.506,
20260723_144505,20260723,129.3,4.597,2.943,0,2.506,
20260723_145036,20260723,127.7,4.792,3.684,0,2.506,
20260723_145604,20260723,126.7,4.446,2.775,0,2.506,
20260723_150132,20260723,123.7,5.437,3.772,0,2.506,
20260723_150702,20260723,123.0,3.393,2.282,0,2.506,
20260723_151231,20260723,122.3,16.712,13.938,0,2.506,
20260723_151759,20260723,121.3,11.11,8.941,0,2.506,
20260723_152328,20260723,127.0,21.46,18.072,1,2.403,
20260723_152858,20260723,115.0,21.579,19.154,0,2.506,
20260723_153423,20260723,125.7,10.694,8.176,1,2.403,
20260723_153950,20260723,115.3,3.407,1.677,0,2.506,
20260723_154515,20260723,122.7,29.077,27.204,0,2.506,
20260723_155040,20260723,128.7,1.255,0.32,0,2.506,
20260723_155608,20260723,115.7,7.138,5.587,0,2.506,
20260723_160133,20260723,118.0,11.136,6.772,0,2.506,
20260723_160659,20260723,123.0,4.672,1.864,0,2.506,
20260723_161226,20260723,129.7,-36.004,-36.034,0,1.827,
20260723_161751,20260723,119.0,12.399,9.79,0,2.506,
20260723_162316,20260723,130.7,12.623,10.179,1,2.403,
20260723_162844,20260723,129.0,2.164,1.041,1,2.403,
20260723_163409,20260723,125.3,6.492,3.262,1,2.403,
20260723_163934,20260723,128.7,7.737,4.851,1,2.403,
20260723_164501,20260723,123.0,11.785,8.861,0,2.506,
20260723_165026,20260723,126.7,12.985,10.259,0,2.506,
20260723_165551,20260723,124.0,-13.386,-13.381,1,1.602,
20260723_170119,20260723,120.7,-21.334,-21.334,1,1.671,
20260723_170644,20260723,119.7,6.217,4.113,1,2.403,
20260723_171209,20260723,120.3,3.798,2.9,0,2.429,
20260723_171736,20260723,118.7,4.137,2.851,0,2.506,
20260723_172302,20260723,119.3,5.122,2.488,0,2.506,
20260723_172911,20260723,114.3,20.642,16.921,0,2.506,
20260723_173438,20260723,115.7,1.038,-0.175,0,2.243,
20260723_174003,20260723,114.3,3.54,1.075,0,2.506,
20260723_174533,20260723,116.7,25.771,22.47,0,2.506,
20260723_175101,20260723,115.3,-13.108,-13.111,1,1.671,
20260723_175627,20260723,114.0,33.668,31.954,1,2.403,
20260723_180152,20260723,118.0,17.603,15.52,1,2.403,
20260723_180720,20260723,113.3,19.343,16.92,0,2.506,
20260723_181245,20260723,115.7,3.257,1.535,0,2.506,
20260723_181810,20260723,111.7,16.156,13.999,0,2.506,
20260723_182338,20260723,113.0,-7.871,-7.891,0,1.671,
20260723_182903,20260723,111.7,37.438,34.607,0,2.506,
20260723_183429,20260723,116.3,-0.765,-0.29,1,1.454,
20260723_183956,20260723,118.7,8.665,7.01,1,2.403,
20260723_184521,20260723,120.3,4.921,3.77,0,2.506,
20260723_185052,20260723,115.7,4.632,3.702,0,2.506,
20260723_185619,20260723,115.0,4.189,3.225,0,2.506,
20260723_190144,20260723,115.0,4.408,3.376,0,2.506,
20260723_190714,20260723,116.0,12.551,9.625,0,2.506,
20260723_191242,20260723,113.7,5.513,3.766,0,2.506,
20260723_191808,20260723,111.3,26.847,24.46,0,2.506,
20260723_192334,20260723,110.3,7.317,4.147,0,2.506,
20260723_192901,20260723,118.3,3.517,1.593,0,2.506,
20260723_193427,20260723,119.3,7.601,5.712,0,2.506,
20260723_193952,20260723,120.7,3.85,2.793,0,2.403,
20260723_194525,20260723,121.3,5.868,4.321,0,2.506,
20260723_195051,20260723,120.7,3.215,1.674,0,2.441,
20260723_195616,20260723,123.0,4.317,1.947,0,2.506,
20260723_200144,20260723,124.0,5.655,3.013,0,2.506,
20260723_200709,20260723,120.7,4.372,2.455,0,2.506,
20260723_201235,20260723,121.7,16.476,13.28,0,2.506,
20260723_201802,20260723,119.7,8.886,6.308,0,2.506,
20260723_202327,20260723,125.3,19.527,16.57,0,2.506,
20260723_202936,20260723,124.7,4.831,2.265,0,2.506,
20260723_203503,20260723,125.7,3.507,2.478,0,2.506,
20260723_204028,20260723,126.7,5.247,3.596,0,2.506,
20260723_204554,20260723,127.0,5.828,4.125,0,2.506,
20260723_205121,20260723,129.7,3.822,2.403,0,2.506,
20260723_205646,20260723,130.3,4.712,3.297,0,2.506,
20260723_210211,20260723,131.3,3.983,1.841,0,2.506,
20260723_210739,20260723,134.0,3.79,2.176,0,2.506,
20260723_211304,20260723,133.7,3.945,2.048,0,2.506,
20260723_211829,20260723,139.3,4.679,1.878,0,2.506,
20260723_212356,20260723,137.7,3.344,2.037,0,2.506,
20260723_212921,20260723,139.3,3.178,1.674,0,2.506,
20260723_213448,20260723,139.3,3.903,1.626,0,2.403,
20260723_214015,20260723,140.7,2.944,0.953,0,2.425,
20260723_214540,20260723,140.0,4.963,2.648,0,2.506,
20260723_215105,20260723,140.7,4.122,1.881,0,2.506,
20260723_215633,20260723,142.0,3.724,1.771,0,2.506,
20260723_220158,20260723,143.7,4.532,1.847,0,2.506,
20260723_220723,20260723,146.7,5.264,2.453,0,2.506,
20260723_221250,20260723,147.0,5.786,2.751,0,2.506,
20260723_221815,20260723,147.3,5.023,2.467,0,2.506,
20260723_222340,20260723,148.7,5.306,2.352,0,2.403,
20260723_222908,20260723,152.0,3.752,1.114,1,2.403,
20260723_223433,20260723,153.0,5.533,2.099,1,2.403,
20260723_223958,20260723,154.7,2.75,0.819,1,2.403,
20260723_224526,20260723,155.0,3.136,1.003,1,2.403,
20260723_225050,20260723,157.0,3.62,1.825,1,2.403,
20260723_225616,20260723,157.0,3.739,0.811,1,2.403,
20260723_230143,20260723,157.3,4.936,1.024,1,2.403,
20260723_230708,20260723,157.0,4.037,0.906,1,2.403,
20260723_231233,20260723,157.7,2.781,0.595,1,2.403,
20260723_231557,20260723,158.3,3.665,0.607,1,2.403,
20260723_231841,20260723,159.3,4.735,1.564,1,2.403,
20260723_232126,20260723,160.3,4.076,1.338,1,2.403,
20260723_232410,20260723,159.3,3.901,0.739,1,2.403,
20260723_232654,20260723,160.3,4.148,0.617,1,2.403,
20260723_232938,20260723,160.7,4.691,1.398,1,2.403,
20260723_233223,20260723,160.3,5.596,1.907,1,2.403,
20260723_233507,20260723,160.7,5.47,1.858,1,2.403,
20260723_233751,20260723,160.7,5.778,2.259,1,2.403,
20260723_234035,20260723,160.3,4.961,1.79,1,2.403,
20260723_234320,20260723,160.7,5.092,1.569,1,2.403,
20260723_234604,20260723,160.7,4.664,1.711,1,2.403,
20260723_234848,20260723,161.0,5.071,1.788,1,2.403,
20260723_235132,20260723,159.7,4.986,1.285,1,2.403,
20260723_235416,20260723,159.7,4.738,0.493,1,2.403,
20260723_235701,20260723,160.0,5.05,1.241,1,2.403,
20260724_000000,20260724,160.0,4.865,-0.098,3,3.433,
20260724_000244,20260724,159.7,4.1,0.386,3,3.562,
20260724_000528,20260724,159.7,4.178,-0.064,3,3.562,
20260724_000813,20260724,160.0,4.182,0.266,3,3.553,
20260724_001057,20260724,159.7,4.316,-0.202,3,3.541,
20260724_001341,20260724,159.7,4.944,0.155,3,3.562,
20260724_001626,20260724,159.0,5.068,0.069,3,3.562,
20260724_001910,20260724,157.7,5.462,0.838,3,3.562,
20260724_002154,20260724,156.0,3.576,0.718,3,3.202,
20260724_002439,20260724,154.3,3.299,0.215,3,3.073,
20260724_002723,20260724,150.0,4.35,-0.235,3,3.321,
20260724_003007,20260724,144.3,3.918,0.376,3,3.447,
20260724_003252,20260724,138.0,4.432,1.241,2,3.562,
20260724_003536,20260724,131.0,4.272,1.576,2,3.562,
20260724_003821,20260724,121.7,4.857,1.806,1,3.562,
20260724_004105,20260724,117.0,4.744,0.926,1,3.562,
20260724_004350,20260724,112.3,4.669,1.528,1,3.562,
20260724_004634,20260724,100.7,5.308,2.47,0,3.562,
20260724_004919,20260724,91.3,5.31,2.206,0,3.562,
20260724_005204,20260724,81.7,6.128,3.938,0,3.562,
20260724_005448,20260724,66.3,5.019,3.174,0,3.562,
20260724_005733,20260724,50.3,5.677,3.533,0,3.562,
20260724_010018,20260724,35.0,7.655,5.992,0,3.562,
20260724_010330,20260724,19.0,6.901,4.808,0,3.562,
20260724_010856,20260724,4.0,9.145,7.552,0,3.562,
20260724_011457,20260724,0.0,10.949,10.949,0,3.562,
20260724_012021,20260724,0.0,nan,nan,0,3.562,
20260724_012548,20260724,0.0,nan,nan,0,3.562,
20260724_013112,20260724,0.0,nan,nan,0,3.562,
20260724_013635,20260724,0.0,nan,nan,0,3.562,
20260724_091452,20260724,0.0,nan,nan,0,3.562,
20260724_092016,20260724,0.0,nan,nan,0,3.562,
20260724_092540,20260724,0.0,nan,nan,0,3.562,
20260724_093105,20260724,0.0,nan,nan,0,3.562,
20260724_093629,20260724,0.0,nan,nan,0,3.562,
20260724_094153,20260724,0.0,11.801,11.801,0,3.562,
20260724_094720,20260724,5.7,6.366,4.419,0,3.562,
20260724_095122,20260724,18.3,6.31,3.58,0,3.562,
20260724_095406,20260724,30.7,3.752,2.522,0,3.562,
20260724_095651,20260724,44.0,4.467,3.069,0,3.562,
20260724_095936,20260724,62.0,2.618,0.631,0,3.562,
20260724_100220,20260724,77.7,13.524,10.333,0,3.562,
20260724_100505,20260724,88.7,5.15,2.663,0,3.562,
20260724_100750,20260724,103.0,10.545,6.842,0,3.562,
20260724_101034,20260724,106.7,-3.091,-3.79,1,1.256,
20260724_101319,20260724,111.0,4.661,1.507,1,3.196,
20260724_101603,20260724,115.3,7.393,2.708,2,3.562,
20260724_101848,20260724,120.0,4.428,1.056,2,3.562,
20260724_102132,20260724,129.0,5.066,1.931,2,3.562,
20260724_102429,20260724,135.7,2.129,0.384,2,3.147,
20260724_102714,20260724,141.3,1.934,0.842,3,2.853,
20260724_102958,20260724,146.7,5.283,1.038,3,3.562,
20260724_103242,20260724,152.3,7.045,2.113,3,3.562,
20260724_103526,20260724,157.0,4.209,0.714,3,3.562,
20260724_103811,20260724,159.0,1.784,-0.144,3,3.255,
20260724_104055,20260724,160.0,2.136,0.515,3,2.877,
20260724_104339,20260724,158.0,-2.552,-2.889,3,1.338,
20260724_104623,20260724,158.3,4.583,0.868,3,2.926,
20260724_104907,20260724,156.3,2.726,1.127,3,2.361,
20260724_105152,20260724,161.7,1.233,-0.477,3,2.51,
20260724_105436,20260724,162.0,1.605,-0.702,3,2.22,
20260724_105720,20260724,158.3,7.755,1.891,3,3.562,
20260724_110004,20260724,162.0,3.97,0.147,3,3.482,
20260724_110248,20260724,158.0,7.435,2.669,4,2.984,
20260724_110532,20260724,157.7,0.269,-1.45,4,2.24,
20260724_110816,20260724,159.7,3.012,0.413,3,2.66,
20260724_111100,20260724,159.0,-2.972,-2.959,4,2.147,
20260724_111344,20260724,157.7,-1.841,-1.821,4,2.24,
20260724_111644,20260724,158.0,-5.141,-5.346,4,2.24,
20260724_111928,20260724,155.7,4.05,1.209,3,2.803,
20260724_112212,20260724,155.0,-5.123,-5.337,3,1.849,
20260724_112456,20260724,156.3,2.195,-0.301,3,3.333,
20260724_112740,20260724,156.3,6.619,2.381,3,3.337,
20260724_113024,20260724,155.0,4.306,0.494,3,3.151,
20260724_113308,20260724,155.7,0.682,-1.317,3,2.077,
20260724_113552,20260724,153.3,0.881,-0.547,3,1.795,
20260724_114234,20260724,155.3,-3.381,-3.778,3,1.848,
20260724_114759,20260724,152.3,6.1,2.485,3,3.562,
20260724_115328,20260724,153.0,-0.949,-1.58,3,1.638,
20260724_115853,20260724,151.7,3.706,0.157,3,3.158,
20260724_120419,20260724,158.7,2.533,-0.783,3,2.844,
20260724_120947,20260724,156.7,3.521,0.511,3,3.562,
20260724_121513,20260724,154.3,0.471,-0.149,3,2.171,
20260724_122039,20260724,154.3,-0.597,-1.269,3,2.287,
20260724_122606,20260724,153.0,4.31,0.81,2,3.562,
20260724_123131,20260724,151.0,1.086,0.198,2,1.986,
20260724_123657,20260724,149.3,5.562,1.63,2,3.562,
20260724_124225,20260724,153.0,6.407,1.762,2,3.562,
20260724_124750,20260724,150.0,6.131,1.954,2,3.562,
20260724_125317,20260724,150.3,1.006,-0.28,2,3.245,
20260724_125845,20260724,149.3,-0.815,-1.279,2,2.236,
20260724_130412,20260724,150.0,12.826,7.524,2,3.562,
20260724_130937,20260724,150.0,4.75,1.763,2,3.562,
20260724_131504,20260724,151.0,1.573,0.451,2,2.294,
20260724_132030,20260724,147.7,7.308,3.042,1,3.562,
20260724_132556,20260724,148.3,5.019,2.02,1,3.562,
20260724_133124,20260724,145.3,6.015,2.013,1,3.562,
20260724_133652,20260724,144.3,4.093,0.661,1,3.42,
20260724_134217,20260724,145.7,7.382,2.548,1,3.562,
20260724_134746,20260724,144.7,0.465,-0.019,1,1.992,
20260724_135313,20260724,146.3,10.486,5.989,1,3.562,
20260724_135839,20260724,148.0,-4.835,-4.835,2,1.792,
20260724_140407,20260724,148.3,3.605,1.016,1,3.562,
20260724_140935,20260724,141.7,4.693,1.442,1,3.432,
20260724_141502,20260724,143.7,8.621,4.324,1,3.562,
20260724_142034,20260724,145.0,3.052,1.875,1,3.048,
20260724_142647,20260724,146.0,6.716,2.891,1,3.562,
20260724_143214,20260724,142.0,1.26,0.049,2,3.562,
20260724_143744,20260724,143.3,-5.61,-5.815,2,1.696,
20260724_144314,20260724,146.3,6.637,1.838,2,3.562,
20260724_144840,20260724,146.0,14.478,9.646,1,3.562,
20260724_145410,20260724,147.3,-2.076,-2.775,2,3.308,
20260724_145939,20260724,141.0,6.211,3.048,1,3.562,
20260724_150507,20260724,141.3,0.616,-0.431,1,2.554,
20260724_151038,20260724,145.0,5.179,2.139,1,3.562,
20260724_151606,20260724,147.0,5.354,1.776,2,3.562,
20260724_152132,20260724,150.3,5.232,1.773,2,3.562,
20260724_152702,20260724,158.0,3.839,1.503,2,3.433,
20260724_153228,20260724,159.3,6.059,1.766,2,3.562,
20260724_153758,20260724,159.7,6.517,1.49,2,3.562,
20260724_154326,20260724,160.7,5.387,1.919,2,3.562,
20260724_154850,20260724,160.7,5.113,1.294,2,3.534,
20260724_155416,20260724,164.0,2.755,0.678,2,2.552,
20260724_155943,20260724,165.7,7.676,2.434,2,3.562,
20260724_160508,20260724,169.3,6.566,2.587,2,3.562,
20260724_161033,20260724,157.0,7.87,2.026,2,3.562,
20260724_161600,20260724,155.3,7.488,3.385,2,3.562,
20260724_162126,20260724,158.3,8.716,3.562,2,3.562,
20260724_162651,20260724,162.0,10.774,4.856,2,3.562,
20260724_163219,20260724,163.3,5.182,1.206,2,3.458,
20260724_163744,20260724,165.0,4.924,0.991,2,3.562,
20260724_164309,20260724,164.7,2.393,0.77,2,2.253,
20260724_164837,20260724,169.0,8.283,2.872,2,3.562,
20260724_165402,20260724,170.7,4.736,1.612,2,3.562,
20260724_165927,20260724,172.0,-2.541,-2.678,2,1.937,
20260724_170454,20260724,169.3,7.116,2.516,2,3.562,
20260724_171019,20260724,166.3,7.538,2.627,2,3.562,
20260724_171544,20260724,168.3,4.111,1.396,2,3.489,
20260724_172111,20260724,160.3,-3.905,-3.901,2,1.388,
20260724_172719,20260724,165.3,-1.052,-1.231,2,1.76,
20260724_173244,20260724,157.0,-4.193,-4.21,2,3.562,
20260724_173812,20260724,157.3,-2.078,-2.614,2,2.439,
20260724_174337,20260724,147.3,3.018,-0.229,1,3.464,
20260724_174902,20260724,149.7,7.919,4.143,2,3.562,
20260724_175429,20260724,149.3,-1.956,-2.874,2,3.562,
20260724_175954,20260724,148.3,2.369,0.862,2,2.896,
20260724_180519,20260724,148.0,7.183,2.645,2,3.562,
20260724_181047,20260724,150.3,9.231,3.846,2,3.562,
20260724_181612,20260724,147.3,3.159,0.613,2,3.562,
20260724_182137,20260724,149.0,14.96,9.963,2,3.562,
20260724_182705,20260724,148.3,1.384,0.068,2,2.004,
20260724_183230,20260724,152.0,10.257,4.657,2,3.562,
20260724_183755,20260724,154.3,-2.709,-2.71,2,2.24,
20260724_184322,20260724,159.3,-0.227,-0.82,2,1.974,
20260724_184847,20260724,164.0,4.756,1.443,2,3.362,
20260724_185413,20260724,169.3,5.054,1.252,2,3.562,
20260724_185940,20260724,170.3,2.854,0.42,2,2.228,
20260724_190510,20260724,168.7,3.292,1.069,2,2.71,
20260724_191035,20260724,169.7,5.188,1.681,2,3.556,
20260724_191602,20260724,167.3,6.4,1.416,2,3.562,
20260724_192130,20260724,166.0,6.077,1.84,2,3.562,
20260724_192655,20260724,165.7,3.057,0.907,2,3.562,
20260724_193223,20260724,156.7,3.689,1.317,2,3.482,
20260724_193748,20260724,151.7,12.033,7.084,2,3.562,
20260724_194314,20260724,151.3,4.49,1.411,2,3.481,
20260724_194841,20260724,151.3,6.667,1.869,2,3.562,
20260724_195407,20260724,150.7,1.369,0.433,2,2.178,
20260724_195932,20260724,138.0,3.145,1.173,2,2.708,
20260724_200459,20260724,132.3,1.822,0.775,2,2.205,
20260724_201025,20260724,128.7,1.109,0.266,2,2.947,
20260724_201550,20260724,128.0,4.589,1.776,1,3.562,
20260724_202117,20260724,123.7,12.649,9.144,0,3.562,
20260724_202725,20260724,126.7,7.104,4.176,1,3.562,
20260724_203250,20260724,121.3,0.935,0.376,2,2.815,
20260724_203818,20260724,126.0,7.582,2.652,1,3.562,
20260724_204348,20260724,143.7,15.844,10.672,2,3.562,
20260724_204913,20260724,143.0,6.837,2.381,2,3.562,
20260724_205446,20260724,141.0,2.918,1.26,2,3.479,
20260724_210011,20260724,137.0,10.008,6.558,2,3.562,
20260724_210536,20260724,149.7,9.828,4.048,2,3.562,
20260724_211103,20260724,150.3,9.845,3.593,2,3.562,
20260724_211628,20260724,140.0,5.718,1.647,2,3.562,
20260724_212153,20260724,130.3,1.505,-0.17,2,2.458,
20260724_212720,20260724,126.3,-0.223,-0.394,2,1.917,
20260724_213245,20260724,125.3,6.486,2.44,2,3.562,
20260724_213810,20260724,132.3,10.689,6.109,2,3.562,
20260724_214338,20260724,138.0,8.256,2.911,2,3.562,
20260724_214903,20260724,160.0,4.222,1.3,3,3.482,
20260724_215428,20260724,167.7,5.367,1.348,3,3.562,
20260724_215955,20260724,165.0,2.914,0.305,3,2.886,
20260724_220520,20260724,157.7,5.614,1.866,2,3.562,
20260724_221046,20260724,157.7,4.76,1.737,2,3.469,
20260724_221613,20260724,155.3,5.221,1.583,2,3.562,
20260724_222138,20260724,137.7,10.415,5.427,2,3.562,
20260724_222703,20260724,131.0,-2.784,-2.986,2,2.07,
20260724_223231,20260724,130.0,-2.652,-2.644,1,1.76,
20260724_223756,20260724,132.3,1.711,0.559,2,2.523,
20260724_224321,20260724,138.7,8.141,4.09,2,3.562,
20260724_224848,20260724,135.0,4.458,1.45,2,3.481,
20260724_225418,20260724,139.0,8.284,3.309,2,3.562,
20260724_225944,20260724,142.3,5.966,2.002,2,3.562,
20260724_230511,20260724,130.3,2.587,1.092,0,3.562,
20260724_231036,20260724,132.0,2.457,0.622,2,3.432,
20260724_231439,20260724,130.0,15.761,11.304,2,3.562,
20260724_231724,20260724,131.7,7.686,2.946,2,3.562,
20260724_232008,20260724,138.7,6.845,2.337,2,3.562,
20260724_232252,20260724,142.7,7.934,4.085,2,3.562,
20260724_232537,20260724,143.0,6.804,2.439,2,3.562,
20260724_232821,20260724,136.7,3.94,1.9,2,3.181,
20260724_233105,20260724,131.0,6.658,2.962,2,3.562,
20260724_233350,20260724,128.7,6.15,1.594,2,3.562,
20260724_233634,20260724,127.7,4.201,1.022,2,3.537,
20260724_233918,20260724,132.7,3.203,1.394,2,3.361,
20260724_234203,20260724,138.3,4.307,1.345,2,3.562,
20260724_234447,20260724,141.0,4.426,1.103,2,3.562,
20260724_234751,20260724,141.0,7.41,2.967,2,3.562,
20260724_235035,20260724,142.3,2.871,0.699,2,3.338,
20260724_235320,20260724,141.0,2.981,0.554,2,2.805,
20260724_235604,20260724,137.7,1.466,0.43,2,2.728,
20260724_235848,20260724,133.7,3.697,1.113,2,3.562,
20260725_000133,20260725,130.0,5.979,0.697,2,3.594,
20260725_000417,20260725,128.3,6.91,1.969,2,3.594,
20260725_000701,20260725,128.0,4.855,1.088,2,3.594,
20260725_000945,20260725,128.3,3.784,0.265,2,3.594,
20260725_001230,20260725,131.3,4.914,0.647,2,3.391,
20260725_001514,20260725,137.7,6.267,1.131,2,3.313,
20260725_001759,20260725,140.7,6.248,0.534,2,3.489,
20260725_002043,20260725,138.0,9.211,2.169,2,3.594,
20260725_002328,20260725,135.7,3.358,0.955,2,2.841,
20260725_002612,20260725,135.0,5.211,0.985,2,3.443,
20260725_002856,20260725,133.3,3.924,0.209,2,3.341,
20260725_003141,20260725,133.0,6.687,1.334,2,3.594,
20260725_003425,20260725,131.3,5.441,1.107,2,3.594,
20260725_003710,20260725,127.3,0.892,-0.671,2,3.313,
20260725_003954,20260725,122.3,2.938,-0.189,1,3.594,
20260725_004239,20260725,111.3,0.02,-1.206,1,3.143,
20260725_004632,20260725,87.7,6.202,2.025,0,3.932,
20260725_004917,20260725,78.7,7.022,2.458,0,3.932,
20260725_005201,20260725,58.0,2.588,1.14,0,3.58,
20260725_005446,20260725,42.3,4.902,2.122,0,3.932,
20260725_005731,20260725,30.0,4.185,2.034,0,3.932,
20260725_010015,20260725,18.7,9.406,6.521,0,3.932,
20260725_010158,20260725,14.3,11.318,8.067,0,3.932,
20260725_010722,20260725,2.3,-4.747,-5.184,0,3.724,
20260725_011325,20260725,0.0,11.868,11.867,0,3.932,
20260725_011849,20260725,0.0,nan,nan,0,3.932,
20260725_012413,20260725,0.0,nan,nan,0,3.932,
20260725_012944,20260725,0.0,nan,nan,0,3.932,
20260725_013508,20260725,0.0,nan,nan,0,3.932,
20260725_091901,20260725,0.0,nan,nan,0,3.932,
20260725_092430,20260725,0.0,nan,nan,0,3.932,
20260725_092953,20260725,0.0,nan,nan,0,3.932,
20260725_093519,20260725,0.0,nan,nan,0,3.932,
20260725_094041,20260725,0.0,nan,nan,0,3.932,
20260725_094605,20260725,0.0,9.712,9.712,0,3.932,
20260725_095131,20260725,4.0,35.034,33.598,0,3.932,
20260725_095351,20260725,8.3,10.921,8.32,0,3.932,
20260725_095636,20260725,18.7,-9.073,-9.079,0,2.685,
20260725_095920,20260725,34.0,-2.073,-2.74,0,3.553,
20260725_100205,20260725,44.0,7.68,4.62,0,3.932,
20260725_100449,20260725,56.7,8.272,4.551,0,3.932,
20260725_100747,20260725,71.7,7.622,4.526,0,3.932,
20260725_101031,20260725,86.7,5.482,2.713,0,3.932,
20260725_101316,20260725,87.0,7.41,3.81,0,3.932,
20260725_101600,20260725,81.3,8.768,5.109,0,3.932,
20260725_101845,20260725,84.7,3.762,0.981,0,3.932,
20260725_102129,20260725,91.0,5.246,2.906,0,3.932,
20260725_102414,20260725,94.3,5.988,2.337,0,3.932,
20260725_102658,20260725,97.7,4.419,0.67,0,3.932,
20260725_102943,20260725,105.3,5.135,2.27,0,3.932,
20260725_103227,20260725,109.0,5.01,2.221,0,3.932,
20260725_103512,20260725,109.7,2.651,1.051,0,3.696,
20260725_103756,20260725,113.7,6.762,1.538,0,3.932,
20260725_104041,20260725,122.0,6.306,2.038,0,3.932,
20260725_104325,20260725,122.7,7.791,2.557,0,3.932,
20260725_104610,20260725,122.7,5.128,0.701,1,3.662,
20260725_104854,20260725,122.0,4.895,1.566,1,3.58,
20260725_105139,20260725,122.7,4.883,2.583,1,3.58,
20260725_105423,20260725,124.0,3.607,1.386,1,3.528,
20260725_105707,20260725,127.3,-0.325,-0.709,2,2.075,
20260725_105952,20260725,121.7,6.51,3.34,2,3.594,
20260725_110236,20260725,119.0,5.593,1.653,2,3.594,
20260725_110536,20260725,121.0,5.354,1.659,2,3.594,
20260725_110820,20260725,125.3,-2.406,-2.396,2,2.45,
20260725_111104,20260725,127.3,4.589,0.842,2,3.594,
20260725_111349,20260725,134.3,2.167,0.636,2,2.833,
20260725_111633,20260725,138.3,6.171,0.521,2,3.594,
20260725_111917,20260725,141.0,3.774,1.095,3,2.676,
20260725_112201,20260725,143.0,3.208,0.811,3,3.139,
20260725_112446,20260725,143.3,3.597,1.054,3,3.268,
20260725_112730,20260725,143.3,4.738,1.7,3,3.455,
20260725_113014,20260725,145.0,4.943,1.559,3,3.594,
20260725_113258,20260725,145.0,2.577,0.768,3,2.985,
20260725_113543,20260725,143.0,7.172,2.315,3,3.594,
20260725_113827,20260725,135.7,6.173,1.779,3,3.594,
20260725_114157,20260725,138.0,3.782,0.641,2,3.438,
20260725_114723,20260725,142.0,-5.011,-5.014,3,2.622,
20260725_115249,20260725,135.3,7.13,1.505,2,3.594,
20260725_115817,20260725,128.0,8.496,3.272,2,3.594,
20260725_120342,20260725,141.7,5.193,1.48,2,3.594,
20260725_120909,20260725,147.0,5.379,1.458,2,3.562,
20260725_121437,20260725,156.7,5.22,1.548,2,3.236,
20260725_122004,20260725,153.3,4.111,0.92,3,3.37,
20260725_122530,20260725,143.0,4.613,0.846,5,3.014,
20260725_123058,20260725,138.3,4.405,0.538,2,3.381,
20260725_123623,20260725,133.3,6.396,1.012,2,3.594,
20260725_124149,20260725,125.7,5.548,1.522,2,3.594,
20260725_124717,20260725,133.7,6.941,1.801,2,3.594,
20260725_125243,20260725,134.3,2.482,0.124,2,3.073,
20260725_125809,20260725,120.3,3.428,0.325,1,3.134,
20260725_130337,20260725,123.0,5.387,1.182,2,3.594,
20260725_130904,20260725,122.0,5.724,1.165,2,3.594,
20260725_131430,20260725,136.3,2.145,0.234,2,3.298,
20260725_131958,20260725,140.7,4.218,0.503,2,3.36,
20260725_132524,20260725,154.3,0.995,-0.436,3,1.812,
20260725_133049,20260725,162.0,1.361,0.447,4,2.321,
20260725_133616,20260725,153.0,5.046,1.213,2,3.594,
20260725_134142,20260725,149.3,4.098,1.351,2,3.215,
20260725_134707,20260725,145.7,9.507,3.498,2,3.594,
20260725_135236,20260725,140.0,5.513,1.158,2,3.594,
20260725_135801,20260725,150.3,9.946,4.35,2,3.594,
20260725_140326,20260725,159.3,6.139,1.271,2,3.594,
20260725_140856,20260725,161.0,1.363,-0.458,2,2.825,
20260725_141423,20260725,164.7,8.073,2.305,2,3.594,
20260725_141950,20260725,154.3,13.576,7.342,2,3.594,
20260725_142603,20260725,151.0,7.712,1.835,2,3.594,
20260725_143133,20260725,154.7,5.259,0.641,2,3.594,
20260725_143702,20260725,148.7,10.649,4.731,2,3.594,
20260725_144230,20260725,149.0,4.172,0.751,2,3.594,
20260725_144759,20260725,151.7,4.988,1.317,2,3.594,
20260725_145328,20260725,148.3,5.619,1.933,2,3.594,
20260725_145857,20260725,138.0,2.57,0.451,2,3.502,
20260725_150425,20260725,130.3,2.16,0.061,2,3.549,
20260725_150952,20260725,130.7,-19.027,-18.936,2,2.387,
20260725_151521,20260725,128.0,6.164,2.252,1,3.58,
20260725_152051,20260725,132.3,21.628,15.263,2,3.594,
20260725_152620,20260725,144.3,17.987,11.726,2,3.594,
20260725_153152,20260725,140.0,5.952,1.286,3,3.594,
20260725_153719,20260725,120.7,7.029,1.831,2,3.594,
20260725_154246,20260725,116.0,-1.124,-1.306,1,3.167,
20260725_154817,20260725,111.0,7.078,3.643,1,3.932,
20260725_155342,20260725,118.3,16.075,10.377,1,3.932,
20260725_155907,20260725,121.7,20.112,14.517,1,3.58,
20260725_160435,20260725,139.7,3.169,-0.741,1,3.58,
20260725_161000,20260725,122.3,-2.649,-3.011,2,3.157,
20260725_161525,20260725,119.3,5.374,-0.442,0,3.932,
20260725_162052,20260725,117.7,-8.345,-8.345,2,2.132,
20260725_162617,20260725,122.7,2.347,-0.324,2,2.901,
20260725_163142,20260725,126.0,-20.827,-21.493,2,2.539,
20260725_163709,20260725,133.7,4.709,1.878,1,3.733,
20260725_164234,20260725,137.7,16.196,10.566,2,3.594,
20260725_164759,20260725,136.7,22.425,17.752,1,3.932,
20260725_165327,20260725,140.0,7.404,2.447,1,3.58,
20260725_165852,20260725,138.3,1.171,-0.182,1,2.854,
20260725_170417,20260725,141.7,14.037,6.726,1,3.58,
20260725_170944,20260725,144.7,1.271,-0.941,2,3.313,
20260725_171510,20260725,125.0,10.539,5.683,2,3.594,
20260725_172035,20260725,113.3,11.077,6.338,2,3.594,
20260725_172645,20260725,120.0,2.166,0.294,1,3.932,
20260725_173210,20260725,127.0,3.235,0.688,1,3.49,
20260725_173737,20260725,132.7,9.866,4.837,1,3.932,
20260725_174304,20260725,123.0,26.878,22.718,1,3.932,
20260725_174829,20260725,124.3,20.107,14.343,1,3.58,
20260725_175354,20260725,136.7,9.154,3.698,2,3.594,
20260725_175922,20260725,131.3,28.74,23.602,1,3.932,
20260725_180447,20260725,126.0,40.468,36.026,1,3.932,
20260725_181013,20260725,138.3,10.578,4.47,1,3.58,
20260725_181540,20260725,129.0,30.12,25.498,2,3.594,
20260725_182105,20260725,131.3,-16.292,-16.302,1,2.387,
20260725_182630,20260725,137.0,18.417,12.338,1,3.932,
20260725_183158,20260725,134.0,14.035,8.419,1,3.932,
20260725_183723,20260725,138.3,17.615,11.537,2,3.594,
20260725_184253,20260725,135.7,19.273,13.38,1,3.932,
20260725_184821,20260725,136.0,10.154,5.097,1,3.932,
20260725_185346,20260725,131.0,0.932,-0.822,1,2.622,
20260725_185911,20260725,132.0,5.771,1.162,1,3.932,
20260725_190439,20260725,138.3,7.803,2.318,2,3.594,
20260725_191004,20260725,142.3,9.689,3.889,2,3.594,
20260725_191530,20260725,136.0,11.478,6.063,2,3.594,
20260725_192057,20260725,137.7,9.463,4.191,2,3.594,
20260725_192622,20260725,141.0,8.226,3.662,2,3.594,
20260725_193148,20260725,140.3,9.72,3.618,2,3.594,
20260725_193716,20260725,141.0,11.581,4.723,1,3.58,
20260725_194241,20260725,140.3,7.854,3.086,2,3.594,
20260725_194806,20260725,138.7,25.862,20.508,2,3.594,
20260725_195339,20260725,138.7,-28.119,-28.236,2,3.594,
20260725_195909,20260725,139.7,24.359,19.006,2,3.594,
20260725_200435,20260725,136.3,21.396,15.567,1,3.597,
20260725_201002,20260725,134.7,8.237,4.218,2,3.594,
20260725_201533,20260725,131.3,5.664,2.109,1,3.932,
20260725_202058,20260725,140.7,0.279,-1.375,1,2.439,
20260725_202708,20260725,141.0,9.539,4.256,2,3.594,
20260725_203238,20260725,142.7,9.935,5.318,2,3.594,
20260725_203804,20260725,148.0,7.174,1.999,2,3.594,
20260725_204331,20260725,154.0,3.726,0.873,2,3.594,
20260725_204857,20260725,160.3,4.002,1.504,3,3.594,
20260725_205422,20260725,162.7,-8.047,-8.241,3,2.638,
20260725_205949,20260725,160.3,10.169,4.298,2,3.594,
20260725_210516,20260725,155.0,1.476,-1.063,2,3.594,
20260725_211046,20260725,153.3,4.787,1.233,3,3.594,
20260725_211614,20260725,155.7,2.645,-0.048,2,3.196,
20260725_212140,20260725,154.7,5.934,2.099,2,3.594,
20260725_212705,20260725,153.0,4.023,0.487,2,3.594,
20260725_213232,20260725,152.0,4.868,0.736,2,3.594,
20260725_213757,20260725,154.3,6.012,1.228,2,3.594,
20260725_214323,20260725,153.3,5.418,0.902,2,3.594,
20260725_214851,20260725,154.7,4.874,0.931,2,3.594,
20260725_215416,20260725,154.3,5.189,1.259,2,3.594,
20260725_215942,20260725,154.7,4.529,0.969,2,3.594,
20260725_220510,20260725,154.0,4.66,1.537,2,3.594,
20260725_221035,20260725,157.0,4.437,0.857,2,3.594,
20260725_221600,20260725,157.3,4.288,0.421,3,3.594,
20260725_222127,20260725,158.0,4.187,0.136,3,3.562,
20260725_222653,20260725,160.7,3.798,-0.143,3,3.372,
20260725_223218,20260725,161.0,3.378,0.86,3,3.594,
20260725_223745,20260725,158.3,4.205,0.712,3,3.594,
20260725_224310,20260725,148.7,3.9,0.569,3,3.594,
20260725_224835,20260725,150.0,5.29,0.946,4,3.594,
20260725_225403,20260725,161.3,7.861,2.533,4,3.594,
20260725_225928,20260725,167.0,5.313,0.268,3,3.594,
20260725_230453,20260725,164.0,5.49,0.661,3,3.594,
20260725_231020,20260725,162.7,5.061,0.492,3,3.328,
20260725_231444,20260725,162.7,3.644,-0.068,4,3.472,
20260725_231728,20260725,163.0,5.086,0.882,3,3.516,
20260725_232013,20260725,164.7,4.996,0.53,3,3.535,
20260725_232257,20260725,164.7,4.499,0.014,4,3.2,
20260725_232541,20260725,165.7,3.454,0.487,4,2.823,
20260725_232825,20260725,166.3,4.131,-0.064,4,3.103,
20260725_233109,20260725,165.3,4.032,-0.074,4,2.809,
20260725_233354,20260725,166.0,4.022,-0.556,4,3.122,
20260725_233653,20260725,167.0,4.025,0.241,4,3.368,
20260725_233937,20260725,167.7,4.181,0.51,4,2.91,
20260725_234221,20260725,168.3,-5.692,-6.464,5,2.638,
20260725_234505,20260725,168.0,3.77,0.017,4,2.933,
20260725_234750,20260725,168.0,3.18,0.635,4,2.872,
20260725_235034,20260725,168.7,3.786,0.122,4,3.157,
20260725_235318,20260725,167.7,4.719,0.874,4,3.198,
20260725_235602,20260725,167.0,4.641,0.609,4,2.763,
20260725_235846,20260725,166.7,3.44,0.616,4,2.849,
20260726_000131,20260726,165.0,4.935,0.651,3,3.42,
20260726_000415,20260726,165.0,3.913,-0.03,3,3.231,
20260726_000659,20260726,165.0,4.963,0.362,3,3.429,
20260726_000944,20260726,164.0,5.305,0.771,3,3.472,
20260726_001228,20260726,163.0,4.493,0.589,3,3.405,
20260726_001512,20260726,161.3,4.539,0.538,3,2.933,
20260726_001757,20260726,160.0,4.5,0.561,3,3.317,
20260726_002041,20260726,156.3,3.647,-0.074,3,3.405,
20260726_002326,20260726,154.0,4.704,0.722,3,3.601,
20260726_002610,20260726,149.3,5.026,1.225,2,3.636,
20260726_002855,20260726,143.7,4.348,0.989,2,3.636,
20260726_003139,20260726,136.3,5.121,1.356,2,3.636,
20260726_003423,20260726,127.0,4.497,1.42,2,3.636,
20260726_003708,20260726,119.3,5.304,1.234,1,3.649,
20260726_004005,20260726,115.3,5.271,1.773,1,3.744,
20260726_004250,20260726,112.0,5.076,1.958,1,3.963,
20260726_004616,20260726,102.0,5.062,1.639,0,3.963,
20260726_004901,20260726,92.0,5.631,2.014,0,3.963,
20260726_005145,20260726,75.7,5.295,1.967,0,3.963,
20260726_005430,20260726,55.3,6.98,3.38,0,3.963,
20260726_005714,20260726,40.0,5.546,2.673,0,3.963,
20260726_005959,20260726,26.0,8.828,6.43,0,3.963,
20260726_010142,20260726,18.3,7.099,5.219,0,3.963,
20260726_010706,20260726,3.3,12.097,7.789,0,3.963,
20260726_011308,20260726,0.0,16.372,16.372,0,3.963,
20260726_011834,20260726,0.0,nan,nan,0,3.963,
20260726_012357,20260726,0.0,nan,nan,0,3.963,
20260726_012921,20260726,0.0,nan,nan,0,3.963,
20260726_013447,20260726,0.0,nan,nan,0,3.963,
20260726_091836,20260726,0.0,nan,nan,0,3.963,
20260726_092403,20260726,0.0,nan,nan,0,3.963,
20260726_092926,20260726,0.0,nan,nan,0,3.963,
20260726_093450,20260726,0.0,nan,nan,0,3.963,
20260726_094016,20260726,0.0,15.595,15.595,0,3.963,
20260726_094539,20260726,0.0,10.936,8.762,0,3.963,
20260726_095103,20260726,7.3,8.771,6.913,0,3.963,
20260726_095334,20260726,15.3,6.911,5.361,0,3.963,
20260726_095619,20260726,26.3,6.229,5.539,0,3.963,
20260726_095903,20260726,40.7,5.577,3.072,0,3.963,
20260726_100159,20260726,66.0,5.731,2.978,0,3.963,
20260726_100444,20260726,76.7,5.152,3.067,0,3.963,
20260726_100728,20260726,87.0,5.847,1.734,0,3.963,
20260726_101013,20260726,100.7,5.173,2.057,0,3.963,
20260726_101258,20260726,105.3,4.959,1.792,0,3.963,
20260726_101542,20260726,110.0,4.716,1.944,1,3.636,
20260726_101827,20260726,117.0,4.512,1.463,1,3.636,
20260726_102111,20260726,125.3,4.804,1.008,2,3.633,
20260726_102356,20260726,133.0,3.566,0.617,2,3.51,
20260726_102640,20260726,138.3,4.283,0.843,2,3.572,
20260726_102925,20260726,142.7,4.56,1.2,2,3.303,
20260726_103209,20260726,146.7,3.983,0.927,2,3.345,
20260726_103453,20260726,150.0,4.023,1.009,2,3.064,
20260726_103738,20260726,152.3,3.274,0.448,3,3.089,
20260726_104022,20260726,153.7,3.755,0.371,3,3.052,
20260726_104306,20260726,154.7,4.078,0.411,3,2.941,
20260726_104550,20260726,154.3,4.361,0.772,3,3.148,
20260726_104835,20260726,153.3,3.72,0.334,3,3.084,
20260726_105119,20260726,153.0,3.348,-0.017,3,3.045,
20260726_105418,20260726,154.3,4.52,0.754,3,2.811,
20260726_105703,20260726,155.3,4.308,0.349,3,2.964,
20260726_105947,20260726,154.3,4.29,0.518,3,2.875,
20260726_110231,20260726,155.0,3.554,0.834,4,2.562,
20260726_110515,20260726,153.0,4.022,0.616,4,2.562,
20260726_110759,20260726,153.3,4.515,0.84,3,2.825,
20260726_111044,20260726,153.0,2.758,0.804,3,2.764,
20260726_111328,20260726,156.0,7.055,2.315,2,3.636,
20260726_111612,20260726,156.7,13.157,7.108,2,3.636,
20260726_111857,20260726,157.7,18.189,11.811,2,3.636,
20260726_112141,20260726,156.0,4.722,1.247,3,3.636,
20260726_112425,20260726,154.0,2.501,0.523,3,2.74,
20260726_112710,20260726,151.7,1.984,0.281,4,2.25,
20260726_112954,20260726,151.3,3.433,0.956,4,2.562,
20260726_113238,20260726,153.0,3.618,0.397,4,2.675,
20260726_113522,20260726,152.7,6.015,2.019,4,2.562,
20260726_113807,20260726,152.3,-0.906,-0.894,3,2.223,
20260726_114108,20260726,153.0,5.028,1.212,3,3.004,
20260726_114637,20260726,153.3,6.524,1.312,3,3.503,
20260726_115202,20260726,156.3,3.331,0.644,3,2.866,
20260726_115728,20260726,157.3,5.368,1.251,3,3.636,
20260726_120256,20260726,158.0,4.265,0.31,3,3.134,
20260726_120822,20260726,159.0,3.106,1.011,3,2.989,
20260726_121348,20260726,159.3,4.609,0.599,3,3.204,
20260726_121915,20260726,158.3,4.148,0.207,3,2.864,
20260726_122442,20260726,157.7,4.234,0.506,3,3.239,
20260726_123007,20260726,155.3,4.046,0.894,3,3.418,
20260726_123536,20260726,156.0,3.95,0.634,3,3.324,
20260726_124102,20260726,156.0,3.944,0.48,3,3.345,
20260726_124628,20260726,157.3,4.162,0.984,3,3.23,
20260726_125156,20260726,156.0,4.174,1.025,3,3.294,
20260726_125723,20260726,157.0,3.681,0.174,3,3.276,
20260726_130249,20260726,157.3,4.192,0.381,3,3.366,
20260726_130818,20260726,157.7,4.07,0.742,2,3.534,
20260726_131345,20260726,158.0,4.154,0.616,2,3.382,
20260726_131911,20260726,157.3,3.985,1.522,2,3.604,
20260726_132439,20260726,158.3,4.537,1.135,2,3.418,
20260726_133006,20260726,157.7,4.466,1.237,2,3.186,
20260726_133533,20260726,159.0,4.029,1.155,2,3.251,
20260726_134102,20260726,154.3,4.706,0.9,2,3.577,
20260726_134628,20260726,155.7,4.702,0.935,2,3.636,
20260726_135154,20260726,154.7,4.465,0.865,2,3.226,
20260726_135722,20260726,155.3,4.143,0.952,2,3.521,
20260726_140248,20260726,156.0,4.082,1.081,2,3.528,
20260726_140818,20260726,154.7,3.97,1.334,2,3.558,
20260726_141348,20260726,155.7,4.259,1.633,2,3.636,
20260726_141916,20260726,158.0,4.076,1.077,2,3.543,
20260726_142445,20260726,157.3,-8.168,-8.166,2,1.97,
20260726_143058,20260726,157.7,7.029,2.373,2,3.636,
20260726_143626,20260726,149.3,6.615,2.206,2,3.636,
20260726_144154,20260726,150.7,4.161,0.622,2,3.304,
20260726_144723,20260726,152.0,4.593,1.362,2,3.636,
20260726_145252,20260726,151.3,5.566,1.617,2,3.636,
20260726_145818,20260726,154.0,-0.075,-0.736,2,2.662,
20260726_150348,20260726,147.3,3.175,0.514,2,3.636,
20260726_150916,20260726,150.3,8.762,3.896,2,3.636,
20260726_151444,20260726,153.0,16.055,9.972,2,3.636,
20260726_152012,20260726,146.7,-8.168,-8.165,2,2.424,
20260726_152540,20260726,147.3,-23.734,-23.742,2,2.099,
20260726_153106,20260726,142.3,3.505,0.961,2,3.584,
20260726_153634,20260726,139.3,-1.403,-1.482,2,1.752,
20260726_154202,20260726,142.7,5.371,1.903,2,3.578,
20260726_154727,20260726,129.7,18.095,13.028,2,3.636,
20260726_155255,20260726,141.7,5.476,1.272,2,3.636,
20260726_155820,20260726,141.7,10.434,5.483,2,3.636,
20260726_160345,20260726,143.3,5.275,1.69,1,3.636,
20260726_160913,20260726,141.0,-4.537,-4.518,2,2.005,
20260726_161443,20260726,142.0,4.372,0.721,2,3.551,
20260726_162008,20260726,143.7,4.085,0.891,1,3.636,
20260726_162536,20260726,142.0,10.682,5.102,2,3.636,
20260726_163101,20260726,140.3,-17.49,-17.49,2,2.642,
20260726_163626,20260726,138.3,6.868,2.274,1,3.728,
20260726_164154,20260726,132.0,4.049,0.526,1,3.572,
20260726_164719,20260726,135.3,4.564,1.181,1,3.636,
20260726_165244,20260726,139.0,-1.403,-2.414,1,1.96,
20260726_165812,20260726,133.0,-2.101,-2.633,2,1.726,
20260726_170337,20260726,136.7,12.226,6.74,2,3.636,
20260726_170902,20260726,135.7,-3.059,-3.235,2,1.874,
20260726_171430,20260726,140.3,-6.004,-6.0,2,2.642,
20260726_171955,20260726,138.3,-2.07,-2.724,2,2.721,
20260726_172604,20260726,138.0,4.466,0.885,1,3.636,
20260726_173132,20260726,137.7,3.0,-0.471,2,3.125,
20260726_173657,20260726,137.3,22.35,17.336,2,3.636,
20260726_174223,20260726,138.7,13.76,8.525,2,3.636,
20260726_174751,20260726,137.7,5.651,1.538,2,3.636,
20260726_175316,20260726,134.0,0.189,-1.324,2,2.805,
20260726_175842,20260726,132.0,4.774,0.683,0,3.763,
20260726_180414,20260726,130.0,-6.201,-6.219,0,2.091,
20260726_180940,20260726,132.3,-1.217,-1.387,2,1.982,
20260726_181505,20260726,141.0,10.411,5.162,2,3.636,
20260726_182034,20260726,137.7,3.726,0.936,2,3.636,
20260726_182559,20260726,135.0,11.777,6.269,2,3.636,
20260726_183124,20260726,135.0,8.228,3.783,2,3.636,
20260726_183651,20260726,131.3,6.355,2.38,2,3.636,
20260726_184217,20260726,130.0,7.29,2.605,2,3.636,
20260726_184742,20260726,128.7,2.569,0.566,2,2.933,
20260726_185310,20260726,127.7,5.69,1.827,1,3.636,
20260726_185835,20260726,132.0,5.066,1.788,1,3.636,
20260726_190400,20260726,142.0,8.212,2.925,2,3.636,
20260726_190928,20260726,149.7,6.538,1.757,2,3.636,
20260726_191454,20260726,149.7,-1.492,-1.722,2,2.438,
20260726_192020,20260726,143.3,7.966,2.813,2,3.636,
20260726_192547,20260726,144.0,-2.132,-2.524,2,2.423,
20260726_193113,20260726,147.3,4.433,1.235,2,3.626,
20260726_193638,20260726,152.7,8.392,3.49,2,3.636,
20260726_194206,20260726,152.3,7.728,2.735,2,3.636,
20260726_194731,20260726,155.7,6.361,1.499,2,3.636,
20260726_195256,20260726,166.3,6.873,2.479,2,3.636,
20260726_195824,20260726,170.7,11.875,6.383,2,3.636,
20260726_200349,20260726,165.7,0.961,0.448,2,2.723,
20260726_200915,20260726,162.7,-4.856,-4.857,2,2.424,
20260726_201447,20260726,156.0,12.432,6.873,2,3.636,
20260726_202012,20260726,160.3,2.711,0.391,2,2.585,
20260726_202621,20260726,151.7,7.544,3.771,2,3.636,
20260726_203148,20260726,143.7,-29.739,-29.739,2,2.642,
20260726_203713,20260726,135.3,-0.653,-1.528,2,2.135,
20260726_204239,20260726,131.7,11.271,5.692,2,3.636,
20260726_204806,20260726,123.0,-0.687,-1.067,2,2.425,
20260726_205332,20260726,113.7,-0.714,-0.708,2,2.763,
20260726_205857,20260726,118.7,13.94,10.607,1,3.963,
20260726_210425,20260726,125.7,6.907,3.346,1,3.636,
20260726_210951,20260726,124.7,2.62,0.755,0,3.272,
20260726_211517,20260726,115.7,4.275,0.965,0,3.636,
20260726_212044,20260726,114.0,5.365,2.584,0,3.963,
20260726_212609,20260726,112.7,1.386,-0.416,1,3.636,
20260726_213134,20260726,110.3,7.9,3.142,0,3.963,
20260726_213707,20260726,106.3,6.688,2.454,0,3.963,
20260726_214232,20260726,105.7,2.706,0.179,2,3.288,
20260726_214757,20260726,112.7,3.687,0.843,2,3.636,
20260726_215325,20260726,109.0,1.227,-0.081,2,3.636,
20260726_215850,20260726,128.0,7.54,3.068,2,3.636,
20260726_220416,20260726,127.0,-2.377,-2.392,2,1.969,
20260726_220943,20260726,134.3,5.507,2.145,2,3.636,
20260726_221509,20260726,135.3,-1.24,-1.793,2,2.414,
20260726_222034,20260726,145.0,5.079,0.975,2,3.636,
20260726_222602,20260726,160.0,5.3,1.755,2,3.636,
20260726_223128,20260726,164.0,3.818,1.03,2,3.636,
20260726_223654,20260726,162.0,3.348,1.664,2,2.849,
20260726_224222,20260726,160.3,2.866,1.168,2,2.814,
20260726_224747,20260726,161.0,9.756,4.311,2,3.636,
20260726_225312,20260726,159.7,2.68,1.18,2,2.723,
20260726_225840,20260726,162.3,1.837,0.514,2,2.799,
20260726_230405,20260726,159.7,12.546,6.907,2,3.636,
20260726_230930,20260726,158.0,10.493,5.028,2,3.636,
20260726_231425,20260726,156.7,4.898,0.984,2,3.636,
20260726_231709,20260726,156.7,-3.017,-3.171,5,2.424,
20260726_231953,20260726,160.3,7.326,1.844,3,3.636,
20260726_232238,20260726,163.0,6.256,1.596,2,3.636,
20260726_232537,20260726,163.7,-0.651,-1.596,2,2.438,
20260726_232822,20260726,166.0,18.397,12.662,2,3.636,
20260726_233106,20260726,164.0,24.979,19.779,2,3.636,
20260726_233350,20260726,160.7,5.506,1.31,3,3.636,
20260726_233635,20260726,160.0,4.385,1.384,2,3.045,
20260726_233919,20260726,158.0,5.013,1.845,2,3.636,
20260726_234203,20260726,154.0,-0.097,-1.176,2,2.922,
20260726_234448,20260726,151.0,4.714,1.28,2,3.636,
20260726_234732,20260726,149.7,6.2,1.473,2,3.636,
20260726_235016,20260726,149.0,3.638,0.052,2,3.38,
20260726_235301,20260726,150.3,10.014,3.899,3,3.636,
20260726_235545,20260726,153.3,5.023,1.175,4,2.562,
20260726_235829,20260726,158.7,5.134,0.474,4,2.562,
20260727_000114,20260727,161.0,5.063,0.94,1,3.565,
20260727_000358,20260727,163.7,4.634,0.747,1,3.421,
20260727_000642,20260727,163.7,4.902,0.622,1,3.566,
20260727_000926,20260727,164.0,4.622,0.946,1,3.646,
20260727_001211,20260727,164.3,4.301,0.753,1,3.302,
20260727_001455,20260727,163.7,5.025,0.704,1,3.728,
20260727_001740,20260727,162.0,4.381,0.589,1,3.728,
20260727_002024,20260727,158.3,5.11,0.807,1,3.728,
20260727_002309,20260727,152.0,4.821,1.22,0,3.728,
20260727_002553,20260727,145.0,3.425,0.937,0,3.728,
20260727_002853,20260727,135.3,-7.327,-7.696,0,1.85,
20260727_003137,20260727,125.7,5.159,1.779,0,3.728,
20260727_003422,20260727,119.3,4.763,2.201,0,3.728,
20260727_003706,20260727,116.3,5.113,2.693,0,3.728,
20260727_003951,20260727,113.0,5.227,3.799,0,3.728,
20260727_004236,20260727,104.0,5.031,3.36,0,3.728,
20260727_004529,20260727,95.0,5.328,3.744,0,3.728,
20260727_004814,20260727,81.3,5.424,5.044,0,3.728,
20260727_005058,20260727,63.0,7.25,5.381,0,3.728,
20260727_005343,20260727,47.3,6.221,5.444,0,3.728,
20260727_005628,20260727,32.7,7.337,6.108,0,3.728,
20260727_005913,20260727,20.0,7.888,6.664,0,3.728,
20260727_010054,20260727,14.0,7.29,7.259,0,3.728,
20260727_010622,20260727,1.0,11.222,11.222,0,3.728,
20260727_011224,20260727,0.0,18.086,18.086,0,3.728,
20260727_011748,20260727,0.0,nan,nan,0,3.728,
20260727_012318,20260727,0.0,nan,nan,0,3.728,
20260727_012842,20260727,0.0,nan,nan,0,3.728,
20260727_013405,20260727,0.0,nan,nan,0,3.728,
20260727_091833,20260727,0.0,nan,nan,0,3.728,
20260727_092356,20260727,0.0,nan,nan,0,3.728,
20260727_092922,20260727,0.0,nan,nan,0,3.728,
20260727_093445,20260727,0.0,nan,nan,0,3.728,
20260727_094013,20260727,0.0,nan,nan,0,3.728,
20260727_094539,20260727,0.0,17.231,17.231,0,3.728,
20260727_095102,20260727,3.0,9.76,9.76,0,3.728,
20260727_095517,20260727,14.7,9.985,6.888,0,3.728,
20260727_095801,20260727,23.3,7.995,7.071,0,3.728,
20260727_100046,20260727,38.0,6.978,6.192,0,3.728,
20260727_100331,20260727,52.3,6.603,5.937,0,3.728,
20260727_100616,20260727,68.7,5.975,5.035,0,3.728,
20260727_100900,20260727,83.0,5.822,4.496,0,3.728,
20260727_101145,20260727,97.0,4.295,3.423,0,3.728,
20260727_101429,20260727,103.0,4.818,3.54,0,3.728,
20260727_101714,20260727,107.3,3.868,3.065,0,3.728,
20260727_101959,20260727,109.7,4.466,3.221,0,3.728,
20260727_102256,20260727,112.7,4.573,4.032,0,3.728,
20260727_102540,20260727,115.3,4.587,1.673,0,3.728,
20260727_102825,20260727,118.0,4.476,2.421,0,3.728,
20260727_103109,20260727,121.7,4.997,2.197,0,3.728,
20260727_103353,20260727,128.0,4.655,1.405,0,3.728,
20260727_103638,20260727,133.0,4.33,1.158,0,3.728,
20260727_103922,20260727,138.0,4.513,1.258,0,3.728,
20260727_104207,20260727,144.0,4.989,1.264,0,3.728,
20260727_104451,20260727,148.0,4.274,1.424,0,3.537,
20260727_104736,20260727,151.0,4.169,1.123,0,3.601,
20260727_105020,20260727,152.0,4.825,1.193,0,3.72,
20260727_105304,20260727,152.0,4.168,0.69,1,3.452,
20260727_105549,20260727,154.0,4.225,0.643,1,3.494,
20260727_105833,20260727,154.7,3.838,0.692,1,3.563,
20260727_110117,20260727,155.3,4.09,0.483,1,3.504,
20260727_110401,20260727,156.0,3.777,0.57,1,3.628,
20260727_110646,20260727,156.3,4.443,0.15,1,3.458,
20260727_110930,20260727,157.0,3.234,0.296,1,3.039,
20260727_111214,20260727,158.0,4.312,0.233,1,3.726,
20260727_111459,20260727,157.0,3.886,0.531,1,3.54,
20260727_111743,20260727,158.7,4.45,0.693,1,3.728,
20260727_112027,20260727,158.3,4.762,0.471,1,3.631,
20260727_112311,20260727,158.0,4.437,0.101,1,3.677,
20260727_112608,20260727,158.3,4.452,0.778,1,3.196,
20260727_112853,20260727,158.0,3.873,0.646,2,2.893,
20260727_113137,20260727,158.0,4.001,0.778,2,3.039,
20260727_113421,20260727,158.0,3.288,0.514,2,3.039,
20260727_113705,20260727,157.0,4.256,0.293,1,3.577,
20260727_113949,20260727,156.0,4.085,0.89,1,3.529,
20260727_114137,20260727,157.0,4.533,0.494,1,3.585,
20260727_114704,20260727,158.0,3.87,0.559,1,3.478,
20260727_115233,20260727,158.3,3.737,0.43,2,3.476,
20260727_115803,20260727,159.3,3.831,0.478,2,3.212,
20260727_120343,20260727,160.3,4.288,0.734,1,3.6,
20260727_120957,20260727,160.0,4.165,0.278,1,3.41,
20260727_121640,20260727,162.0,4.276,0.861,1,3.364,
20260727_122210,20260727,160.3,3.799,0.991,1,3.365,
20260727_122758,20260727,159.7,3.425,0.669,1,3.202,
20260727_123344,20260727,157.0,3.994,0.591,1,3.728,
20260727_123929,20260727,158.3,2.611,1.109,1,3.121,
20260727_124515,20260727,161.0,4.787,1.115,1,3.728,
20260727_125046,20260727,159.0,5.406,1.665,1,3.728,
20260727_125613,20260727,158.0,5.462,1.499,0,3.728,
20260727_130142,20260727,153.3,6.31,1.28,0,3.728,
20260727_130709,20260727,151.0,4.363,1.38,0,3.728,
20260727_131236,20260727,152.3,4.956,0.807,0,3.728,
20260727_131804,20260727,158.0,3.796,1.702,1,3.589,
20260727_132330,20260727,157.7,4.275,1.167,0,3.728,
20260727_132856,20260727,158.3,3.706,1.39,0,3.704,
20260727_133425,20260727,158.7,2.758,1.084,0,3.088,
20260727_133952,20260727,162.7,4.846,1.513,0,3.728,
20260727_134522,20260727,165.7,4.116,0.685,1,3.688,
20260727_135049,20260727,165.7,3.967,1.247,0,3.698,
20260727_135616,20260727,168.0,5.605,1.636,1,3.728,
20260727_140142,20260727,163.3,4.402,1.464,0,3.615,
20260727_140713,20260727,150.0,2.541,0.83,0,3.547,
20260727_141243,20260727,142.3,4.698,1.183,0,3.728,
20260727_141811,20260727,163.3,3.89,1.116,0,3.619,
20260727_142340,20260727,160.3,5.634,1.306,0,3.72,
20260727_142951,20260727,157.0,4.526,1.342,0,3.728,
20260727_143522,20260727,149.0,5.598,1.14,0,3.728,
20260727_144053,20260727,159.0,5.35,2.063,0,3.728,
20260727_144623,20260727,157.3,6.606,1.801,0,3.728,
20260727_145152,20260727,164.0,2.46,0.775,0,3.115,
20260727_145723,20260727,151.0,4.762,1.319,0,3.728,
20260727_150252,20260727,155.0,3.582,1.006,0,3.622,
20260727_150822,20260727,149.7,23.339,18.294,0,3.728,
20260727_151352,20260727,158.7,7.091,1.823,0,3.728,
20260727_151921,20260727,154.3,12.136,7.363,0,3.728,
20260727_152448,20260727,149.7,-0.766,-1.375,0,2.402,
20260727_153018,20260727,153.3,-0.748,-1.464,0,1.553,
20260727_153547,20260727,145.3,15.494,9.851,0,3.728,
20260727_154116,20260727,135.0,4.792,1.931,0,3.728,
20260727_154647,20260727,146.3,-0.099,-1.164,0,1.894,
20260727_155217,20260727,147.7,0.144,-0.875,0,2.362,
20260727_155746,20260727,142.7,16.191,10.89,0,3.728,
20260727_160317,20260727,141.7,7.403,3.127,0,3.728,
20260727_160847,20260727,142.7,0.564,-1.126,0,2.958,
20260727_161414,20260727,153.7,9.976,4.163,0,3.728,
20260727_161944,20260727,144.0,24.973,20.024,0,3.728,
20260727_162510,20260727,156.0,-7.063,-7.061,0,1.502,
20260727_163044,20260727,141.3,4.418,1.468,0,3.728,
20260727_163639,20260727,156.0,1.768,0.078,0,3.29,
