stem,day,lvl,ring_struct,before,after,gain,d1,d2,note
20260720_174507,20260720,130.7,2.756,3.678,0.719,3.373,1.901,0.939,
20260720_175042,20260720,130.0,2.774,6.152,3.269,4.471,3.581,2.343,
20260720_175616,20260720,130.0,2.783,5.114,2.324,6.0,2.535,2.091,
20260720_180152,20260720,130.7,2.677,4.984,2.757,6.0,3.141,2.409,
20260720_180728,20260720,131.0,2.675,4.752,2.317,5.873,2.944,2.219,
20260720_181302,20260720,131.0,2.65,4.699,2.295,5.068,2.409,1.699,
20260720_181838,20260720,130.3,2.727,5.627,2.415,6.0,3.053,2.34,
20260720_182412,20260720,130.0,2.748,3.827,1.717,6.0,1.781,1.734,
20260720_182946,20260720,130.0,3.189,4.258,1.326,3.099,3.008,1.288,
20260720_183523,20260720,130.7,2.782,4.777,0.801,3.012,2.513,1.014,
20260720_184057,20260720,130.3,2.825,3.881,1.397,3.87,2.301,1.339,
20260720_184631,20260720,131.3,3.242,3.53,0.636,2.82,1.864,0.635,
20260720_185207,20260720,132.7,3.451,5.423,1.588,3.15,3.593,1.588,
20260720_185742,20260720,132.7,3.22,4.779,1.337,3.202,2.843,1.293,
20260720_190316,20260720,133.3,2.985,5.139,0.89,2.674,3.147,0.891,
20260720_190852,20260720,135.3,3.416,6.602,0.432,2.44,4.048,0.675,
20260720_191427,20260720,134.0,4.768,3.405,-0.012,3.06,1.746,0.729,
20260720_192001,20260720,137.3,3.373,0.075,0.075,0.2,-0.41,-0.99,
20260720_192537,20260720,135.3,3.26,8.872,1.656,3.467,6.173,3.17,
20260720_193111,20260720,135.3,3.018,3.945,0.429,2.538,1.94,0.426,
20260720_193645,20260720,132.7,2.992,6.184,0.964,2.557,4.202,0.964,
20260720_194222,20260720,132.7,2.89,3.816,0.733,2.868,2.039,0.729,
20260720_194756,20260720,132.3,2.916,4.608,0.83,3.705,2.967,1.651,
20260720_195331,20260720,132.3,3.148,2.928,0.641,3.571,1.604,0.856,
20260720_195908,20260720,134.0,3.232,3.545,-0.009,3.016,1.245,0.504,
20260720_200442,20260720,135.0,2.945,3.718,0.378,2.457,2.149,0.378,
20260720_201016,20260720,135.3,2.754,4.696,-0.326,2.063,2.51,-0.323,
20260720_201552,20260720,137.7,3.179,3.645,0.551,3.082,1.282,0.543,
20260720_202126,20260720,138.0,4.925,4.529,0.474,2.664,2.496,0.696,
20260720_202744,20260720,145.3,4.207,9.239,1.082,3.391,5.701,2.84,
20260720_203320,20260720,144.0,2.852,4.685,0.577,3.634,2.063,1.123,
20260720_203854,20260720,141.0,3.09,1.151,0.437,0.531,-0.279,-0.992,
20260720_204428,20260720,142.0,2.839,4.346,0.627,2.689,2.081,0.602,
20260720_205010,20260720,144.0,6.011,0.394,0.394,0.2,-0.566,-1.29,
20260720_205544,20260720,146.3,5.583,14.131,2.152,3.906,11.113,6.524,
20260720_210118,20260720,146.0,4.125,1.614,0.009,1.025,0.009,-0.442,
20260720_210654,20260720,151.7,3.548,6.64,0.974,2.663,4.212,1.173,
20260720_211228,20260720,151.3,2.656,3.437,0.495,2.78,1.925,0.627,
20260720_211802,20260720,150.0,2.868,0.288,0.288,0.2,-0.786,-1.002,
20260720_212338,20260720,152.3,2.437,5.736,0.271,2.826,2.557,0.877,
20260720_212912,20260720,157.0,4.382,4.124,0.39,2.497,1.979,0.392,
20260720_213446,20260720,157.3,4.446,0.883,0.883,0.2,-0.455,-1.036,
20260720_214022,20260720,158.7,3.403,7.462,0.695,2.791,3.787,1.25,
20260720_214556,20260720,162.0,2.17,8.46,0.966,2.575,4.947,1.177,
20260720_215130,20260720,164.7,1.985,4.12,0.233,2.471,1.246,0.229,
20260720_215706,20260720,168.7,1.776,4.256,0.235,2.983,1.02,0.403,
20260720_220240,20260720,174.0,1.778,3.769,-0.264,1.837,0.594,-0.257,
20260720_220814,20260720,175.7,1.875,4.934,0.554,2.865,1.972,0.703,
20260720_221350,20260720,173.3,1.713,4.891,0.873,3.058,2.066,0.861,
20260720_221925,20260720,171.3,1.596,3.948,0.822,6.0,1.123,0.956,
20260720_222459,20260720,170.7,1.838,5.566,0.889,3.155,1.92,0.851,
20260720_223035,20260720,173.7,1.738,4.444,1.198,4.105,1.965,1.206,
20260720_223609,20260720,178.0,1.772,4.072,0.646,3.094,1.486,0.634,
20260720_224143,20260720,178.0,1.816,3.667,3.667,0.2,1.01,1.766,
20260720_224719,20260720,176.0,1.995,4.392,0.835,5.692,1.19,0.885,
20260720_225253,20260720,176.3,1.777,5.459,0.941,6.0,0.994,0.953,
20260720_225826,20260720,175.0,2.069,6.353,0.55,2.507,2.784,0.567,
20260720_230403,20260720,175.7,1.954,5.396,1.009,3.933,1.749,1.034,
20260720_230937,20260720,175.0,2.48,2.065,-0.083,1.918,0.254,-0.078,
20260720_231510,20260720,172.3,1.986,2.998,-0.26,1.44,0.293,-0.507,
20260720_231728,20260720,171.3,2.213,4.416,0.152,2.399,2.131,0.303,
20260720_232021,20260720,171.3,2.31,6.212,0.64,2.572,2.617,0.62,
20260720_232314,20260720,171.7,2.181,5.869,0.09,2.234,3.271,0.09,
20260720_232612,20260720,171.0,2.441,5.941,0.345,2.719,3.229,0.974,
20260720_232905,20260720,172.0,2.359,2.473,2.473,0.2,0.314,0.654,
20260720_233159,20260720,171.3,2.279,5.976,0.28,2.398,2.084,0.295,
20260720_233452,20260720,169.7,2.793,-0.132,-0.132,0.2,-0.969,-0.975,
20260720_233745,20260720,170.7,3.122,7.274,0.753,2.549,4.052,0.912,
20260720_234039,20260720,172.7,4.074,6.006,1.519,3.785,2.622,1.492,
20260720_234332,20260720,173.0,2.807,2.553,0.105,3.111,0.257,0.111,
20260720_234625,20260720,172.3,2.246,3.808,0.836,5.897,1.217,0.919,
20260720_234919,20260720,171.0,2.267,4.725,1.041,4.529,1.58,1.043,
20260720_235217,20260720,171.7,2.406,4.365,1.047,5.25,1.457,1.046,
20260720_235510,20260720,170.7,4.124,3.336,-0.366,1.599,0.354,-0.355,
20260720_235804,20260720,167.7,4.499,4.588,1.637,5.316,1.767,1.276,
20260721_000057,20260721,164.7,2.651,4.185,0.063,2.488,1.169,0.226,
20260721_000351,20260721,164.0,3.106,7.359,0.182,2.449,4.205,0.722,
20260721_000644,20260721,163.0,2.334,4.816,0.309,2.443,1.814,0.305,
20260721_000938,20260721,164.0,1.96,2.224,2.224,0.2,-0.151,-0.243,
20260721_001231,20260721,162.7,1.866,3.965,0.185,3.36,1.016,0.499,
20260721_001525,20260721,162.7,1.879,2.756,1.032,6.0,1.043,1.04,
20260721_001825,20260721,158.3,1.952,3.775,0.417,2.743,1.325,0.413,
20260721_002118,20260721,152.3,2.006,3.764,1.597,6.0,1.704,1.669,
20260721_002412,20260721,147.0,2.658,3.039,0.686,4.508,1.778,1.17,
20260721_002706,20260721,138.3,2.905,3.699,-0.066,2.479,1.576,0.297,
20260721_002959,20260721,129.0,4.405,2.947,1.222,6.0,1.864,1.653,
20260721_003253,20260721,121.0,2.696,3.052,0.137,2.344,1.25,0.134,
20260721_003547,20260721,115.3,3.143,1.892,-0.099,2.56,0.928,0.214,
20260721_003841,20260721,110.0,3.615,4.954,0.994,3.597,2.975,1.6,
20260721_004134,20260721,107.0,3.684,7.191,1.4,3.083,4.804,2.036,
20260721_004431,20260721,103.0,3.419,0.042,-0.003,0.997,-0.003,-1.098,
20260721_004724,20260721,97.3,3.035,6.874,0.765,4.916,3.696,2.563,
20260721_005042,20260721,84.0,3.62,6.296,1.524,2.852,4.374,1.539,
20260721_005336,20260721,63.7,4.522,6.581,0.574,5.025,4.029,2.828,
20260721_005630,20260721,43.3,5.209,6.882,1.998,3.301,4.256,2.036,
20260721_005924,20260721,26.3,7.138,7.722,0.998,3.375,6.176,3.055,
20260721_010217,20260721,16.7,8.548,-3.432,-3.432,0.2,-3.438,-4.413,
20260721_010511,20260721,12.0,9.187,12.536,5.23,5.602,10.573,7.816,
20260721_010607,20260721,9.3,8.865,8.195,2.485,3.747,6.85,3.858,
20260721_011143,20260721,0.7,16.783,10.369,4.32,6.0,10.369,8.355,
20260721_011753,20260721,,,,,,,,night
20260721_012326,20260721,,,,,,,,night
20260721_012901,20260721,,,,,,,,night
20260721_013433,20260721,,,,,,,,night
20260721_014007,20260721,,,,,,,,night
20260721_091439,20260721,,,,,,,,night
20260721_092012,20260721,,,,,,,,night
20260721_092548,20260721,,,,,,,,night
20260721_093121,20260721,,,,,,,,night
20260721_093654,20260721,0.0,18.377,12.843,9.256,6.0,12.843,12.83,
20260721_094229,20260721,2.7,12.347,11.177,5.816,6.0,9.846,8.505,
20260721_094854,20260721,12.7,6.704,10.102,5.25,6.0,9.554,8.012,
20260721_095147,20260721,20.3,5.218,8.876,2.933,6.0,7.524,6.092,
20260721_095441,20260721,36.0,4.489,6.404,0.469,6.0,5.268,4.074,
20260721_095735,20260721,56.7,6.111,-3.049,-3.049,0.2,-3.348,-3.906,
20260721_100029,20260721,77.3,4.357,4.442,0.375,5.749,2.504,1.871,
20260721_100323,20260721,90.3,2.41,5.4,1.535,3.658,3.232,1.773,
20260721_100617,20260721,99.0,2.477,6.784,1.188,3.013,4.08,1.648,
20260721_100915,20260721,107.0,2.511,4.9,1.789,4.12,3.564,2.193,
20260721_101209,20260721,112.3,2.439,4.874,0.98,2.644,3.568,0.963,
20260721_101502,20260721,120.3,2.272,5.562,0.89,2.789,2.628,0.865,
20260721_101756,20260721,128.7,4.693,6.549,0.674,2.868,3.585,1.282,
20260721_102050,20260721,136.3,5.138,8.009,1.859,3.028,5.917,2.416,
20260721_102343,20260721,142.0,5.416,11.375,1.427,3.229,8.483,3.915,
20260721_102637,20260721,150.0,3.661,-0.019,-0.019,0.2,-0.916,-1.239,
20260721_102930,20260721,154.3,3.91,5.982,-0.093,2.069,2.131,-0.261,
20260721_103223,20260721,157.7,3.786,2.486,0.345,2.844,0.923,0.322,
20260721_103521,20260721,159.3,4.028,9.73,1.477,2.75,6.152,1.934,
20260721_103815,20260721,160.7,2.682,3.617,0.514,3.887,1.156,0.676,
20260721_104108,20260721,162.7,2.064,3.06,0.742,6.0,0.742,0.736,
20260721_104401,20260721,164.3,2.273,5.169,0.409,2.553,1.758,0.4,
20260721_104655,20260721,163.3,2.491,2.742,0.277,2.894,0.689,0.253,
20260721_104948,20260721,163.3,2.111,3.026,0.156,4.074,0.509,0.31,
20260721_105241,20260721,162.0,3.721,6.181,0.914,2.838,3.023,1.049,
20260721_105535,20260721,161.3,3.326,6.018,0.26,2.349,2.279,0.252,
20260721_105828,20260721,160.0,5.118,12.383,0.413,3.774,8.194,4.65,
20260721_110130,20260721,159.3,5.323,11.229,1.273,3.07,7.932,3.333,
20260721_110423,20260721,159.3,8.544,10.225,1.522,3.073,6.917,2.912,
20260721_110717,20260721,161.7,6.919,12.851,1.797,3.694,9.973,5.531,
20260721_111010,20260721,163.0,5.801,6.158,0.085,2.348,2.279,0.249,
20260721_111304,20260721,160.7,5.246,3.928,0.631,3.675,1.177,0.649,
20260721_111557,20260721,159.3,3.096,6.638,0.675,2.545,2.958,0.66,
20260721_111850,20260721,159.7,3.797,5.141,0.227,2.6,2.216,0.554,
20260721_112144,20260721,160.3,4.254,4.329,0.073,2.252,1.6,0.066,
20260721_112437,20260721,159.3,3.948,4.513,-0.005,3.387,1.651,0.821,
20260721_112737,20260721,159.7,4.064,10.524,1.85,3.048,7.66,3.171,
20260721_113030,20260721,158.7,3.572,-0.41,-1.059,6.0,-1.063,-1.059,
20260721_113324,20260721,156.0,4.358,4.074,0.054,2.265,0.99,0.051,
20260721_113617,20260721,153.0,2.881,-1.41,-1.597,6.0,-1.604,-1.595,
20260721_113749,20260721,150.7,4.258,-14.555,-15.608,6.0,-15.261,-15.255,
20260721_114324,20260721,156.0,3.05,4.47,0.034,2.225,1.642,0.033,
20260721_114902,20260721,161.7,5.917,-0.885,-0.886,0.2,-2.03,-3.003,
20260721_115437,20260721,167.0,5.05,-0.383,-0.863,6.0,-0.893,-0.881,
20260721_120012,20260721,168.3,2.56,1.656,1.656,0.209,-0.116,-0.291,
20260721_120549,20260721,165.0,2.765,3.23,0.351,2.711,1.192,0.356,
20260721_121124,20260721,159.0,3.006,2.008,0.351,3.601,0.66,0.356,
20260721_121659,20260721,157.3,3.195,4.67,1.129,6.0,2.28,1.868,
20260721_122237,20260721,153.3,3.082,5.775,0.804,2.54,3.576,0.789,
20260721_122811,20260721,146.3,2.808,-0.337,-0.337,0.2,-1.087,-1.257,
20260721_123347,20260721,138.0,3.348,2.328,0.557,3.925,0.918,0.541,
20260721_123925,20260721,134.3,2.553,4.569,1.007,3.07,2.321,0.976,
20260721_124501,20260721,134.0,2.755,5.853,1.032,2.875,2.85,1.026,
20260721_125037,20260721,134.7,3.018,5.236,1.012,4.378,2.947,1.9,
20260721_125615,20260721,135.3,3.186,1.709,-0.609,1.417,0.305,-0.572,
20260721_130151,20260721,137.7,2.883,4.241,1.809,4.712,2.55,1.726,
20260721_130727,20260721,142.3,2.568,4.828,1.049,3.338,2.534,1.234,
20260721_131304,20260721,138.7,2.449,5.363,0.95,2.781,2.868,0.936,
20260721_131840,20260721,135.0,2.385,5.063,0.301,2.688,2.987,0.864,
20260721_132415,20260721,129.3,2.513,4.438,0.739,3.067,1.702,0.714,
20260721_132952,20260721,121.3,3.113,5.307,1.052,3.436,2.986,1.515,
20260721_133527,20260721,119.3,2.842,1.814,-0.107,1.84,0.296,-0.127,
20260721_134101,20260721,119.0,3.221,3.867,1.276,3.689,2.646,1.465,
20260721_134637,20260721,117.7,3.083,6.917,1.425,3.146,4.672,2.06,
20260721_135212,20260721,123.7,3.445,2.981,0.417,2.549,1.777,0.401,
20260721_135746,20260721,122.7,3.591,7.097,1.627,3.792,4.721,2.692,
20260721_140323,20260721,113.7,5.757,6.67,1.546,3.34,4.608,2.245,
20260721_140858,20260721,109.7,3.841,5.005,1.457,3.407,3.887,1.949,
20260721_141432,20260721,112.3,2.917,3.906,1.418,4.452,2.871,1.873,
20260721_142009,20260721,124.0,3.032,6.906,1.086,2.866,4.472,1.597,
20260721_142627,20260721,149.0,2.377,3.686,0.91,4.466,1.665,1.089,
20260721_143201,20260721,133.7,2.788,5.938,1.223,3.502,3.975,2.068,
20260721_143738,20260721,127.3,3.28,5.42,1.352,3.275,3.407,1.61,
20260721_144312,20260721,134.0,3.915,7.845,2.246,3.935,5.738,3.391,
20260721_144847,20260721,137.0,2.674,3.348,0.633,4.389,1.477,0.954,
20260721_145423,20260721,127.0,3.04,4.976,1.363,3.377,3.388,1.678,
20260721_145957,20260721,121.0,4.151,2.544,0.248,3.178,1.573,0.707,
20260721_150532,20260721,117.7,2.852,6.041,1.929,4.666,4.156,2.796,
20260721_151108,20260721,104.7,5.325,-0.592,-1.594,0.2,-1.731,-2.312,
20260721_151642,20260721,82.0,3.08,6.385,1.689,3.967,4.606,2.743,
20260721_152216,20260721,73.3,2.814,3.913,0.882,3.144,2.003,0.882,
20260721_152752,20260721,69.3,3.407,6.134,1.717,4.456,4.432,2.893,
20260721_153326,20260721,71.7,3.732,5.876,1.911,3.574,4.295,2.293,
20260721_153900,20260721,76.7,3.497,6.713,1.975,4.341,4.946,3.169,
20260721_154437,20260721,78.0,2.851,7.548,2.696,3.575,5.631,3.007,
20260721_155011,20260721,80.0,3.317,7.477,1.825,3.056,5.024,2.092,
20260721_155545,20260721,80.3,3.218,7.022,1.814,3.74,5.111,2.872,
20260721_160121,20260721,88.0,3.309,5.936,1.499,4.26,4.061,2.566,
20260721_160655,20260721,111.0,2.829,6.06,1.755,2.867,3.828,1.368,
20260721_161230,20260721,111.0,2.55,5.424,1.416,5.028,3.06,2.148,
20260721_161806,20260721,98.0,2.983,6.407,1.129,4.383,4.784,3.087,
20260721_162344,20260721,88.0,3.235,6.394,1.716,4.577,3.538,2.351,
20260721_162935,20260721,82.7,3.486,5.207,1.347,2.966,3.513,1.369,
20260721_163512,20260721,67.7,4.174,5.927,2.308,4.391,4.234,2.736,
20260721_164046,20260721,68.0,4.094,5.75,2.063,5.767,4.157,3.111,
20260721_164620,20260721,69.7,4.715,5.382,1.778,4.345,3.423,2.195,
20260721_165156,20260721,65.7,4.602,6.648,2.086,4.029,6.072,3.667,
20260721_165730,20260721,66.0,4.283,6.142,2.143,4.266,5.205,3.292,
20260721_170304,20260721,65.7,4.403,5.476,1.855,4.321,3.934,2.512,
20260721_170840,20260721,61.3,4.16,6.883,2.898,4.337,5.174,3.314,
20260721_171414,20260721,67.0,4.643,5.328,2.123,5.116,4.156,2.944,
20260721_171948,20260721,76.7,4.526,5.377,1.178,6.0,3.866,3.122,
20260721_172608,20260721,59.7,4.18,6.774,2.081,4.057,4.694,2.852,
20260721_173141,20260721,49.0,5.328,8.058,2.083,4.074,5.433,3.312,
20260721_173716,20260721,34.3,5.41,8.288,2.191,4.407,6.616,4.286,
20260721_174251,20260721,19.7,6.688,8.968,3.159,4.853,6.904,4.754,
20260721_174825,20260721,16.3,7.061,9.511,2.604,4.077,8.652,5.278,
20260721_175358,20260721,21.7,5.667,7.486,1.933,5.582,5.445,4.019,
20260721_175935,20260721,40.7,5.315,8.575,2.787,5.185,6.506,4.64,
20260721_180511,20260721,63.3,4.404,5.795,2.428,3.356,5.055,2.48,
20260721_181050,20260721,102.0,2.917,5.568,0.68,3.307,3.431,1.647,
20260721_181632,20260721,108.0,2.742,5.221,1.087,3.143,2.483,1.093,
20260721_182209,20260721,105.7,6.97,-5.19,-5.19,0.2,-5.197,-5.417,
20260721_182744,20260721,118.7,5.317,9.336,1.409,3.649,7.393,4.044,
20260721_183327,20260721,120.3,8.921,5.675,0.399,3.014,3.684,1.489,
20260721_183904,20260721,135.3,6.318,7.116,0.36,3.476,4.28,2.206,
20260721_184442,20260721,128.7,4.175,8.251,1.143,3.124,5.893,2.563,
20260721_185020,20260721,91.7,5.679,1.949,-0.52,4.016,1.216,0.732,
20260721_185559,20260721,126.7,2.681,5.734,0.938,2.85,3.863,1.358,
20260721_190138,20260721,125.0,3.106,4.295,0.633,3.84,2.447,1.413,
20260721_190718,20260721,119.0,7.042,7.138,0.918,3.584,4.733,2.535,
20260721_191257,20260721,129.0,7.236,0.236,-0.898,6.0,-0.154,-0.134,
20260721_191831,20260721,131.0,4.4,10.104,1.76,3.644,7.371,4.025,
20260721_192409,20260721,108.7,4.424,5.286,-0.126,2.415,3.063,0.466,
20260721_192946,20260721,107.0,5.019,-6.969,-6.969,0.2,-7.418,-7.862,
20260721_193521,20260721,114.7,4.416,2.821,0.362,2.553,1.826,0.415,
20260721_194058,20260721,107.0,4.553,7.278,0.728,2.711,4.06,1.212,
20260721_194632,20260721,101.7,3.152,4.928,1.153,4.57,2.737,1.817,
20260721_195212,20260721,92.3,6.89,9.884,1.346,3.556,7.42,3.936,
20260721_195748,20260721,86.7,6.853,2.381,-0.03,6.0,1.208,1.144,
20260721_200322,20260721,59.3,5.389,3.24,-0.098,5.474,2.544,1.862,
20260721_200857,20260721,69.0,4.34,4.378,0.742,6.0,2.252,1.741,
20260721_201435,20260721,65.0,6.283,-6.585,-6.664,6.0,-6.604,-6.603,
20260721_202010,20260721,89.0,4.693,4.763,1.344,3.754,2.657,1.499,
20260721_202627,20260721,98.0,7.075,5.352,1.455,3.216,4.352,1.996,
20260721_203205,20260721,100.7,4.242,5.248,0.967,2.8,2.759,0.919,
20260721_203740,20260721,112.7,5.125,15.478,2.854,4.838,12.649,8.694,
20260721_204315,20260721,118.7,7.346,7.286,0.271,3.944,5.431,3.217,
20260721_204852,20260721,113.7,5.934,-3.493,-3.493,0.2,-3.68,-4.118,
20260721_205427,20260721,130.0,3.804,4.334,0.56,3.024,1.891,0.77,
20260721_210002,20260721,154.0,2.652,5.551,0.925,2.825,3.337,1.142,
20260721_210540,20260721,151.7,3.147,3.532,0.15,1.746,0.752,-0.457,
20260721_211115,20260721,149.3,4.101,5.92,-0.137,1.952,2.675,-0.696,
20260721_211650,20260721,154.0,6.052,-17.151,-17.144,6.0,-17.149,-17.144,
20260721_212226,20260721,157.0,4.259,9.832,1.696,3.611,8.028,4.339,
20260721_212801,20260721,140.0,4.477,4.005,0.624,2.729,1.873,0.573,
20260721_213335,20260721,156.3,3.531,5.899,1.807,3.467,3.226,1.657,
20260721_213912,20260721,156.7,7.956,-8.193,-8.193,0.2,-8.903,-8.905,
20260721_214448,20260721,134.7,12.635,13.343,0.012,5.877,10.766,8.117,
20260721_215023,20260721,148.7,4.58,6.265,0.413,2.765,3.357,1.075,
20260721_215559,20260721,159.7,3.936,1.605,1.079,5.188,0.786,0.561,
20260721_220134,20260721,156.0,8.133,6.991,0.602,2.476,4.012,0.751,
20260721_220709,20260721,159.0,6.771,19.314,3.3,5.641,16.068,11.913,
20260721_221246,20260721,152.0,7.771,8.42,-0.038,2.191,5.192,-0.038,
20260721_221820,20260721,160.3,6.738,0.146,0.146,0.2,-0.809,-1.139,
20260721_222355,20260721,164.3,2.018,4.442,0.015,2.217,1.105,0.015,
20260721_222932,20260721,163.0,3.952,11.456,1.17,2.957,7.904,3.057,
20260721_223507,20260721,161.3,5.15,-2.331,-2.331,0.2,-3.126,-3.14,
20260721_224041,20260721,160.7,3.899,-5.353,-5.549,6.0,-5.716,-5.648,
20260721_224618,20260721,160.7,2.151,3.154,0.502,0.833,-0.074,-0.61,
20260721_225154,20260721,163.0,3.114,5.172,0.685,3.491,1.587,0.823,
20260721_225729,20260721,161.0,2.486,4.642,-0.12,2.432,1.577,0.255,
20260721_230306,20260721,165.7,1.961,4.372,0.195,2.383,1.468,0.194,
20260721_230841,20260721,163.0,5.927,2.813,-0.048,1.288,0.504,-1.594,
20260721_231425,20260721,158.7,10.674,-7.855,-7.855,0.2,-9.0,-10.306,
20260721_231746,20260721,155.0,9.96,3.816,0.511,2.582,2.107,0.508,
20260721_232039,20260721,155.7,8.224,-7.458,-8.157,6.0,-8.092,-8.072,
20260721_232333,20260721,151.3,13.574,8.981,0.616,3.345,6.681,3.263,
20260721_232626,20260721,155.0,9.577,2.952,-0.385,1.221,0.323,-1.431,
20260721_232920,20260721,158.0,10.185,6.795,0.283,2.845,4.38,1.531,
20260721_233213,20260721,161.7,6.459,1.638,-0.254,4.184,-0.547,-0.341,
20260721_233507,20260721,165.0,2.38,3.294,-0.082,1.622,0.383,-0.357,
20260721_233801,20260721,166.0,2.004,3.236,3.24,0.2,1.028,1.05,
20260721_234054,20260721,160.3,1.883,3.261,0.314,1.704,0.889,-0.627,
20260721_234348,20260721,157.0,1.939,3.621,0.568,3.113,1.271,0.549,
20260721_234650,20260721,158.7,2.952,3.605,0.065,2.261,1.056,0.051,
20260721_234944,20260721,160.0,2.041,4.501,0.101,2.295,1.379,0.101,
20260721_235237,20260721,152.3,2.008,4.589,0.407,2.555,1.654,0.378,
20260721_235531,20260721,158.7,5.848,7.314,1.018,2.639,3.898,1.044,
20260721_235825,20260721,154.7,3.765,0.924,0.737,0.2,-1.273,-1.476,
20260722_000118,20260722,147.0,2.384,1.721,1.366,0.2,-0.226,-0.45,
20260722_000413,20260722,142.3,7.872,9.023,0.723,2.604,4.872,1.228,
20260722_000707,20260722,126.3,11.205,-4.996,-4.986,0.2,-4.965,-5.355,
20260722_001000,20260722,109.7,4.874,-3.199,-3.199,0.2,-5.063,-7.291,
20260722_001256,20260722,114.3,2.921,3.721,-0.096,2.509,1.625,0.333,
20260722_001550,20260722,120.0,4.029,9.539,1.15,3.204,6.762,3.08,
20260722_001844,20260722,128.7,3.812,0.93,0.26,0.398,-0.412,-1.234,
20260722_002138,20260722,130.7,6.445,12.363,1.084,2.81,8.35,2.813,
20260722_002431,20260722,121.3,8.014,-0.784,-0.784,0.2,-2.696,-3.493,
20260722_002725,20260722,118.0,8.115,-5.961,-5.961,0.2,-6.315,-6.707,
20260722_003019,20260722,113.0,6.263,10.772,1.577,2.971,7.021,2.745,
20260722_003313,20260722,98.7,3.663,7.542,2.228,3.599,4.474,2.408,
20260722_003606,20260722,93.3,6.223,2.603,0.022,1.88,1.09,-0.396,
20260722_003905,20260722,101.3,7.643,-11.788,-11.788,0.2,-11.781,-12.231,
20260722_004159,20260722,101.0,5.26,1.707,0.149,0.65,-0.532,-2.357,
20260722_004453,20260722,91.0,5.312,11.142,3.106,4.12,8.135,5.006,
20260722_004747,20260722,69.3,9.692,6.733,1.418,5.041,5.561,3.91,
20260722_005041,20260722,50.7,8.282,9.221,2.404,4.752,7.615,5.179,
20260722_005335,20260722,36.3,11.158,-2.173,-4.365,6.0,-4.269,-4.265,
20260722_005629,20260722,20.7,9.837,8.222,3.36,5.471,7.254,5.307,
20260722_005922,20260722,8.3,14.033,-38.379,-38.379,0.2,-38.392,-38.448,
20260722_010216,20260722,2.0,17.753,19.853,10.503,5.164,19.852,14.13,
20260722_010550,20260722,0.0,25.351,-8.106,-9.931,6.0,-8.106,-6.319,
20260722_011125,20260722,,,,,,,,night
20260722_011735,20260722,,,,,,,,night
20260722_012308,20260722,,,,,,,,night
20260722_012846,20260722,,,,,,,,night
20260722_013419,20260722,,,,,,,,night
20260722_013952,20260722,,,,,,,,night
20260722_091432,20260722,,,,,,,,night
20260722_092006,20260722,,,,,,,,night
20260722_092541,20260722,,,,,,,,night
20260722_093114,20260722,,,,,,,,night
20260722_093647,20260722,0.0,33.2,25.034,25.034,1.0,25.034,25.034,
20260722_094222,20260722,0.0,25.803,4.483,4.483,0.2,4.483,4.485,
20260722_094800,20260722,2.0,19.883,31.266,19.507,6.0,31.266,28.134,
20260722_095059,20260722,5.7,13.861,14.906,8.517,6.0,14.893,13.295,
20260722_095353,20260722,12.0,10.513,12.511,4.109,4.421,11.813,7.67,
20260722_095647,20260722,22.7,9.187,16.54,8.023,4.257,14.737,9.308,
20260722_095941,20260722,35.3,8.384,6.579,2.39,4.715,5.273,3.57,
20260722_100235,20260722,56.3,5.99,13.897,2.553,5.121,10.782,7.642,
20260722_100529,20260722,68.0,3.979,6.367,2.198,4.939,4.65,3.233,
20260722_100823,20260722,78.7,4.349,5.385,0.894,3.557,2.987,1.585,
20260722_101116,20260722,75.0,4.589,8.267,3.328,4.921,5.987,4.155,
20260722_101410,20260722,78.3,3.575,8.129,1.274,2.77,5.887,1.896,
20260722_101704,20260722,93.7,3.813,10.0,1.826,2.984,8.193,3.237,
20260722_102000,20260722,103.3,3.241,6.804,1.679,3.259,3.917,1.836,
20260722_102254,20260722,104.0,3.099,9.832,2.156,3.235,7.483,3.465,
20260722_102548,20260722,98.7,2.814,5.357,1.566,3.976,2.597,1.55,
20260722_102842,20260722,95.0,2.888,3.161,0.417,3.321,1.197,0.578,
20260722_103136,20260722,93.7,4.229,8.689,1.908,3.756,6.674,3.768,
20260722_103429,20260722,91.0,3.812,6.736,0.834,3.275,4.993,2.359,
20260722_103723,20260722,102.7,3.335,4.097,0.272,2.414,1.699,0.257,
20260722_104017,20260722,105.3,3.692,-0.109,-0.109,0.2,-0.94,-1.119,
20260722_104311,20260722,106.3,3.279,4.932,-0.499,1.9,1.589,-0.529,
20260722_104611,20260722,116.0,2.87,5.714,1.548,2.979,2.661,1.048,
20260722_104905,20260722,112.7,3.389,8.256,1.03,3.946,4.489,2.66,
20260722_105159,20260722,111.7,3.721,1.417,1.417,0.2,-0.475,-1.056,
20260722_105453,20260722,125.3,4.675,-1.719,-1.72,0.2,-3.616,-5.193,
20260722_105746,20260722,123.7,3.381,7.759,0.815,2.954,3.55,1.371,
20260722_110040,20260722,137.7,2.951,4.589,0.135,2.291,1.799,0.126,
20260722_110334,20260722,144.0,2.663,4.034,-0.231,1.802,0.476,-0.236,
20260722_110627,20260722,155.0,3.044,4.004,0.161,2.605,0.634,0.16,
20260722_110921,20260722,149.7,2.52,6.216,0.466,2.527,2.865,0.613,
20260722_111221,20260722,147.0,3.616,8.485,2.646,3.656,4.853,2.661,
20260722_111515,20260722,150.3,2.16,4.96,1.29,3.499,2.601,1.352,
20260722_111808,20260722,148.7,5.101,-0.241,-0.244,0.2,-0.557,-0.878,
20260722_112102,20260722,142.7,4.807,10.716,0.684,4.372,8.395,5.408,
20260722_112356,20260722,131.7,2.388,4.698,0.761,3.327,2.953,1.43,
20260722_112650,20260722,118.7,2.268,5.023,1.976,5.463,2.807,2.053,
20260722_112944,20260722,104.0,3.567,4.711,1.154,3.365,2.321,1.144,
20260722_113238,20260722,98.7,4.403,4.49,1.027,4.598,3.139,2.092,
20260722_113531,20260722,115.3,4.036,6.905,0.879,3.123,4.332,1.884,
20260722_113815,20260722,113.3,2.647,4.518,0.705,3.426,1.78,0.899,
20260722_114351,20260722,96.0,4.566,3.278,0.099,2.293,1.355,0.098,
20260722_114929,20260722,84.7,3.983,3.725,0.492,2.967,2.131,0.831,
20260722_115504,20260722,77.3,4.915,3.478,0.157,2.278,2.573,0.157,
20260722_120039,20260722,79.3,4.849,-0.759,-0.759,0.2,-2.357,-3.107,
20260722_120616,20260722,90.3,5.324,11.931,1.597,4.027,9.528,5.751,
20260722_121151,20260722,100.7,3.023,4.97,1.745,6.0,2.979,2.315,
20260722_121727,20260722,123.0,5.583,-3.873,-3.873,0.2,-4.244,-4.359,
20260722_122304,20260722,125.0,3.09,4.718,0.526,3.008,2.378,0.957,
20260722_122839,20260722,132.0,3.188,4.633,0.728,3.188,1.613,0.728,
20260722_123415,20260722,126.7,3.272,4.174,0.187,2.627,1.611,0.423,
20260722_123953,20260722,126.0,3.011,5.537,1.055,3.2,2.474,1.124,
20260722_124529,20260722,135.0,3.771,3.987,0.496,2.647,1.826,0.495,
20260722_125104,20260722,135.3,3.383,-0.175,-0.74,6.0,-0.755,-0.743,
20260722_125641,20260722,132.3,6.084,-4.684,-4.69,0.2,-5.054,-5.432,
20260722_130216,20260722,128.3,3.385,7.428,1.931,2.838,5.552,1.926,
20260722_130752,20260722,120.7,2.967,2.057,0.096,1.421,0.321,-0.594,
20260722_131330,20260722,128.7,4.67,15.405,1.75,4.613,12.217,8.16,
20260722_131905,20260722,129.7,4.37,12.48,1.636,3.474,9.762,5.027,
20260722_132441,20260722,130.0,3.763,3.67,0.89,3.22,1.992,0.915,
20260722_133019,20260722,132.7,4.089,7.197,1.211,2.857,4.62,1.635,
20260722_133555,20260722,131.0,3.576,3.972,0.014,2.214,1.257,0.014,
20260722_134130,20260722,134.3,4.619,10.636,0.625,3.375,7.369,3.646,
20260722_134708,20260722,133.7,4.257,-1.096,-2.495,6.0,-2.266,-2.243,
20260722_135243,20260722,138.0,3.081,11.624,2.932,3.025,7.505,3.057,
20260722_135817,20260722,139.0,3.818,6.205,0.916,3.058,3.415,1.424,
20260722_140354,20260722,131.7,6.368,0.595,0.291,0.2,-1.261,-1.616,
20260722_140929,20260722,131.3,4.706,6.467,0.973,2.763,4.005,1.279,
20260722_141505,20260722,129.3,6.082,-0.434,-1.528,6.0,-1.543,-1.543,
20260722_142043,20260722,129.0,3.884,5.949,0.688,2.559,3.322,0.766,
20260722_142702,20260722,136.7,3.519,-0.53,-0.53,0.2,-1.05,-1.071,
20260722_143237,20260722,140.0,5.976,-1.11,-1.11,0.2,-1.76,-2.225,
20260722_143815,20260722,137.0,2.853,2.72,0.263,1.502,0.505,-0.702,
20260722_144350,20260722,144.0,4.804,4.614,0.642,2.703,2.319,0.685,
20260722_144924,20260722,142.0,5.292,-1.602,-2.135,6.0,-2.167,-2.163,
20260722_145503,20260722,142.7,9.223,2.114,-0.408,1.612,0.692,-0.665,
20260722_150038,20260722,144.7,12.303,4.675,0.189,2.616,2.559,0.659,
20260722_150612,20260722,134.0,7.626,7.407,0.311,2.919,5.15,1.929,
20260722_151149,20260722,132.3,4.627,-4.493,-4.493,0.2,-4.497,-4.663,
20260722_151723,20260722,132.7,13.456,-6.643,-6.643,0.2,-6.653,-6.695,
20260722_152258,20260722,135.0,5.37,-2.509,-2.509,0.2,-2.963,-3.172,
20260722_152834,20260722,144.0,6.133,5.965,0.137,2.405,3.411,0.497,
20260722_153409,20260722,140.3,4.678,6.663,0.765,3.052,3.153,1.309,
20260722_153943,20260722,137.3,9.012,18.332,1.893,6.0,15.497,12.086,
20260722_154520,20260722,140.7,5.359,-2.96,-3.301,6.0,-3.34,-3.334,
20260722_155054,20260722,137.7,10.006,3.61,-0.682,1.379,1.211,-2.627,
20260722_155629,20260722,142.3,5.825,-4.242,-4.242,0.2,-5.003,-5.3,
20260722_160206,20260722,142.3,7.322,-1.883,-1.883,0.2,-2.057,-2.215,
20260722_160740,20260722,137.7,7.282,-6.212,-6.199,0.2,-6.662,-6.669,
20260722_161314,20260722,133.0,4.604,1.427,0.116,2.002,0.857,-0.169,
20260722_161851,20260722,142.3,9.459,-12.855,-12.848,6.0,-12.907,-12.858,
20260722_162425,20260722,133.7,5.752,2.109,0.065,1.074,0.063,-0.957,
20260722_163000,20260722,131.7,15.867,-17.241,-17.241,0.2,-17.243,-17.256,
20260722_163536,20260722,146.3,10.494,2.261,0.828,0.787,-0.24,-1.589,
20260722_164111,20260722,144.3,13.892,10.469,1.469,3.022,6.988,2.842,
20260722_164645,20260722,143.7,12.13,10.148,2.115,3.052,6.678,2.772,
20260722_165222,20260722,138.3,13.495,31.96,10.069,6.0,28.689,24.473,
20260722_165757,20260722,135.3,10.212,2.615,0.063,1.396,0.695,-1.411,
20260722_170331,20260722,134.7,9.104,-0.103,-0.103,0.2,-0.985,-1.461,
20260722_170908,20260722,143.0,6.559,13.257,2.705,3.443,9.375,4.771,
20260722_171443,20260722,141.7,7.782,11.145,1.812,3.621,7.211,3.91,
20260722_172018,20260722,133.7,9.296,12.426,2.275,3.945,8.972,5.317,
20260722_172638,20260722,138.7,9.582,19.17,1.72,4.841,15.501,10.658,
20260722_173212,20260722,137.7,7.048,4.922,0.298,2.585,2.423,0.588,
20260722_173747,20260722,140.3,10.129,15.967,2.022,3.75,12.751,7.187,
20260722_174323,20260722,136.0,9.691,4.205,-0.07,2.396,2.246,0.316,
20260722_174858,20260722,134.0,2.686,2.903,0.069,1.663,0.773,-0.626,
20260722_175432,20260722,138.0,8.018,-3.384,-3.384,0.2,-4.239,-4.553,
20260722_180009,20260722,141.0,9.497,11.077,1.449,3.919,8.272,4.871,
20260722_180543,20260722,141.0,11.567,13.472,2.878,3.508,10.38,5.415,
20260722_181118,20260722,141.0,6.867,12.375,1.789,3.494,8.447,4.382,
20260722_181654,20260722,135.0,6.387,10.423,3.002,3.541,7.435,3.924,
20260722_182229,20260722,138.3,8.728,16.436,3.091,4.164,13.734,8.525,
20260722_182804,20260722,132.0,2.721,3.338,0.05,2.013,0.987,-0.182,
20260722_183340,20260722,130.7,9.16,-1.291,-1.288,0.2,-2.15,-2.422,
20260722_183915,20260722,133.3,6.772,11.652,2.921,3.644,8.654,4.726,
20260722_184449,20260722,131.0,6.668,10.635,1.279,3.042,7.53,3.104,
20260722_185026,20260722,133.0,12.421,29.8,8.191,6.0,27.257,22.593,
20260722_185601,20260722,128.3,9.817,7.209,1.553,3.424,4.889,2.469,
20260722_190136,20260722,127.7,13.114,22.045,3.185,5.551,19.479,14.343,
20260722_190713,20260722,126.3,13.871,-9.739,-9.739,0.2,-9.736,-9.738,
20260722_191247,20260722,128.3,15.641,-2.76,-2.766,0.2,-2.859,-3.258,
20260722_191822,20260722,132.0,17.493,28.887,8.78,6.0,25.726,21.093,
20260722_192358,20260722,124.3,10.593,-0.377,-0.704,0.2,-2.957,-3.64,
20260722_192933,20260722,141.0,16.484,19.306,2.817,4.749,15.739,10.701,
20260722_193507,20260722,137.7,12.272,16.26,3.322,5.308,13.159,9.494,
20260722_194044,20260722,137.7,9.635,6.555,0.179,2.417,3.516,0.538,
20260722_194618,20260722,136.7,7.794,12.517,2.06,4.002,9.086,5.454,
20260722_195153,20260722,136.7,13.78,34.279,16.317,6.0,31.896,27.796,
20260722_195730,20260722,144.7,8.631,3.034,-0.124,1.341,0.593,-1.495,
20260722_200304,20260722,143.3,7.744,0.731,0.731,0.2,-0.512,-0.584,
20260722_200839,20260722,140.3,13.433,-14.164,-14.164,0.2,-14.162,-14.167,
20260722_201416,20260722,136.7,7.205,10.698,1.818,3.062,7.182,3.003,
20260722_201950,20260722,144.0,13.176,-11.717,-11.717,0.2,-11.721,-11.726,
20260722_202609,20260722,154.0,7.006,7.02,0.686,2.91,3.683,1.369,
20260722_203145,20260722,149.0,7.496,-3.908,-3.908,0.2,-4.416,-5.222,
20260722_203720,20260722,141.3,6.604,4.759,0.298,2.389,2.265,0.308,
20260722_204256,20260722,143.7,7.402,0.034,0.034,0.2,-1.067,-1.806,
20260722_204509,20260722,142.0,10.334,7.188,0.339,2.373,4.014,0.505,
20260722_204819,20260722,147.7,11.817,8.365,1.557,3.759,5.273,2.98,
20260722_205344,20260722,149.3,8.264,9.953,1.482,2.741,7.23,2.248,
20260722_205909,20260722,151.3,19.681,7.622,0.419,3.296,4.935,2.355,
20260722_210436,20260722,150.3,11.782,12.657,1.707,3.259,8.926,4.185,
20260722_211001,20260722,155.3,8.965,0.83,0.83,0.2,-1.195,-1.659,
20260722_211526,20260722,154.3,5.119,3.632,-0.014,2.187,1.2,-0.014,
20260722_212054,20260722,163.7,6.175,0.5,0.5,0.2,-0.822,-1.124,
20260722_212619,20260722,165.3,6.47,3.006,0.148,1.384,0.309,-0.655,
20260722_213144,20260722,164.0,6.249,14.043,1.892,3.302,10.132,4.85,
20260722_213712,20260722,155.0,9.203,8.803,1.78,2.794,5.359,1.775,
20260722_214237,20260722,153.0,8.1,-4.321,-4.321,0.2,-4.318,-4.507,
20260722_214802,20260722,151.3,9.369,24.594,3.247,6.0,21.464,17.05,
20260722_215329,20260722,155.3,8.302,13.974,2.647,3.399,10.29,5.143,
20260722_215854,20260722,160.0,9.63,8.927,1.284,2.848,5.895,2.066,
20260722_220419,20260722,146.7,5.396,11.026,1.349,2.665,7.151,1.998,
20260722_220946,20260722,146.7,10.766,4.724,-0.214,2.103,2.361,-0.208,
20260722_221511,20260722,150.0,6.482,8.043,1.156,3.204,4.439,2.023,
20260722_222036,20260722,154.0,9.013,30.906,9.982,6.0,28.247,23.764,
20260722_222603,20260722,154.0,9.735,10.732,1.669,2.827,7.397,2.538,
20260722_223128,20260722,162.0,9.11,-1.355,-1.524,0.2,-1.861,-1.863,
20260722_223653,20260722,158.3,6.485,2.22,-0.72,1.527,0.534,-0.682,
20260722_224220,20260722,157.3,8.775,-10.089,-10.056,6.0,-10.087,-10.075,
20260722_224745,20260722,158.3,11.42,4.368,0.752,3.246,1.702,0.793,
20260722_225310,20260722,156.0,11.982,6.057,0.002,2.935,1.891,0.718,
20260722_225837,20260722,156.3,9.507,6.571,1.138,4.932,2.509,1.743,
20260722_230402,20260722,156.0,12.233,11.754,1.581,3.11,7.408,3.196,
20260722_230927,20260722,154.7,12.09,-22.203,-22.005,6.0,-22.206,-21.963,
20260722_231454,20260722,157.7,10.054,5.589,0.082,2.246,2.288,0.084,
20260722_231649,20260722,155.7,10.59,2.146,0.406,1.6,0.4,-0.401,
20260722_231933,20260722,154.3,10.456,6.541,0.383,3.16,3.155,1.402,
20260722_232217,20260722,156.0,11.03,4.414,0.19,2.504,0.862,0.174,
20260722_232502,20260722,156.7,10.411,0.581,-0.047,0.2,-1.39,-1.394,
20260722_232746,20260722,155.7,9.18,26.011,1.476,6.0,22.1,17.0,
20260722_233030,20260722,157.0,7.64,11.74,1.029,3.079,6.276,2.654,
20260722_233314,20260722,155.0,6.174,-12.965,-12.93,6.0,-12.964,-12.957,
20260722_233609,20260722,157.0,6.683,10.472,0.238,2.435,5.891,0.965,
20260722_233854,20260722,155.0,8.555,-0.966,-0.965,0.2,-1.924,-2.867,
20260722_234138,20260722,156.3,9.446,-5.387,-5.387,0.2,-5.386,-5.515,
20260722_234422,20260722,157.0,9.318,-14.733,-14.559,6.0,-14.735,-14.735,
20260722_234706,20260722,156.3,8.923,12.038,1.659,2.829,7.948,2.733,
20260722_234951,20260722,156.7,8.969,4.62,0.243,3.132,1.83,0.8,
20260722_235235,20260722,154.3,10.323,11.99,1.791,4.34,8.997,5.765,
20260722_235519,20260722,154.7,11.566,-8.582,-8.582,0.2,-8.581,-8.678,
20260722_235804,20260722,153.3,8.964,4.188,0.014,2.574,2.159,0.513,
20260723_000048,20260723,151.3,7.777,-2.609,-2.609,0.2,-2.574,-2.898,
20260723_000332,20260723,146.7,6.535,-7.254,-7.254,0.2,-7.829,-8.204,
20260723_000617,20260723,143.7,6.807,15.153,7.43,6.0,13.47,11.352,
20260723_000901,20260723,143.3,11.205,2.795,0.206,3.736,1.601,0.899,
20260723_001145,20260723,141.3,12.016,5.204,1.409,4.011,3.072,1.847,
20260723_001430,20260723,135.3,12.279,-49.201,-49.201,0.2,-49.201,-49.201,
20260723_001714,20260723,132.7,13.994,16.941,4.655,6.0,15.202,12.856,
20260723_001959,20260723,128.7,12.486,9.673,2.673,4.462,7.974,5.209,
20260723_002243,20260723,126.3,13.162,-21.768,-21.826,6.0,-21.768,-21.767,
20260723_002528,20260723,120.7,10.116,0.144,0.144,0.2,-0.755,-1.647,
20260723_002827,20260723,117.7,10.255,13.513,4.708,6.0,11.713,9.131,
20260723_003112,20260723,113.0,13.206,-11.367,-11.367,0.2,-11.37,-11.37,
20260723_003356,20260723,110.7,11.835,14.155,6.546,6.0,13.387,11.226,
20260723_003641,20260723,106.3,10.864,12.72,6.837,6.0,11.848,9.885,
20260723_003925,20260723,101.3,9.836,12.941,6.066,6.0,12.0,10.094,
20260723_004210,20260723,96.7,9.799,-18.86,-18.86,0.2,-18.861,-18.879,
20260723_004454,20260723,84.3,13.919,7.271,4.361,5.693,6.293,4.684,
20260723_004739,20260723,83.0,12.519,8.317,4.739,6.0,7.545,6.263,
20260723_005024,20260723,70.3,19.461,10.585,7.955,6.0,9.085,7.936,
20260723_005309,20260723,53.0,15.483,-0.958,-0.958,0.2,-1.436,-1.657,
20260723_005553,20260723,41.3,16.189,-7.473,-7.473,0.2,-7.475,-7.825,
20260723_005838,20260723,29.3,21.756,39.827,31.928,6.0,39.461,38.317,
20260723_010122,20260723,20.7,19.393,-7.382,-7.382,0.2,-7.178,-8.214,
20260723_010540,20260723,10.3,22.479,15.016,10.91,6.0,14.428,12.667,
20260723_011104,20260723,0.3,33.95,-63.161,-63.161,1.0,-63.161,-63.161,
20260723_011704,20260723,,,,,,,,night
20260723_012230,20260723,,,,,,,,night
20260723_012753,20260723,,,,,,,,night
20260723_013317,20260723,,,,,,,,night
20260723_013843,20260723,,,,,,,,night
20260723_091650,20260723,,,,,,,,night
20260723_092214,20260723,,,,,,,,night
20260723_092740,20260723,,,,,,,,night
20260723_093304,20260723,,,,,,,,night
20260723_093828,20260723,0.0,16.578,14.326,14.326,1.0,14.326,14.326,
20260723_094354,20260723,2.0,9.81,6.272,4.598,5.489,6.272,4.596,
20260723_094918,20260723,18.0,6.171,5.304,4.273,6.0,4.794,4.793,
20260723_094956,20260723,17.7,6.121,6.861,4.841,6.0,6.36,6.351,
20260723_095241,20260723,31.0,4.747,5.645,3.609,6.0,5.642,4.827,
20260723_095525,20260723,44.0,4.081,5.814,2.962,6.0,4.383,3.665,
20260723_095810,20260723,62.7,3.128,4.147,2.357,5.145,4.146,2.946,
20260723_100054,20260723,80.3,2.649,4.126,2.204,6.0,3.34,2.562,
20260723_100339,20260723,92.7,2.546,4.117,2.106,6.0,3.122,2.389,
20260723_100623,20260723,103.3,2.542,3.961,1.109,3.29,2.537,1.208,
20260723_100908,20260723,113.0,2.495,4.301,1.374,3.873,2.728,1.588,
20260723_101153,20260723,117.0,2.428,4.504,1.389,3.575,2.725,1.455,
20260723_101437,20260723,122.3,2.293,3.267,0.462,4.081,2.186,1.335,
20260723_101721,20260723,130.0,2.165,3.37,0.688,3.704,2.335,1.299,
20260723_102006,20260723,136.7,2.076,3.626,0.839,2.915,2.231,0.833,
20260723_102250,20260723,142.0,1.972,3.803,0.354,3.368,1.48,0.73,
20260723_102534,20260723,146.7,2.04,2.51,0.903,3.297,1.914,0.914,
20260723_102819,20260723,150.7,1.96,2.822,0.319,2.754,1.67,0.527,
20260723_103103,20260723,153.0,1.926,2.906,0.45,2.773,1.385,0.448,
20260723_103347,20260723,155.0,1.821,3.79,0.778,3.19,1.755,0.793,
20260723_103644,20260723,156.3,1.844,4.525,0.981,2.769,3.051,0.981,
20260723_103928,20260723,157.0,1.905,3.981,0.451,2.501,2.499,0.501,
20260723_104213,20260723,157.7,1.907,3.666,0.175,2.35,1.878,0.209,
20260723_104457,20260723,156.0,1.913,2.263,-0.187,2.528,0.846,0.182,
20260723_104741,20260723,155.7,1.945,1.332,0.0,1.001,0.001,-0.582,
20260723_105025,20260723,155.7,1.929,0.336,-0.374,6.0,-0.449,-0.398,
20260723_105309,20260723,156.0,1.947,-0.619,-0.835,6.0,-0.809,-0.645,
20260723_105553,20260723,155.3,2.09,-1.021,-1.618,6.0,-1.7,-1.633,
20260723_105837,20260723,157.0,2.01,-1.587,-1.587,0.2,-1.749,-1.885,
20260723_110121,20260723,156.7,2.0,-0.814,-0.814,0.2,-1.342,-1.509,
20260723_110405,20260723,156.3,2.034,-0.309,-0.309,0.2,-1.204,-1.546,
20260723_110649,20260723,157.3,1.965,-1.172,-1.592,6.0,-1.355,-1.26,
20260723_110933,20260723,157.0,2.007,-0.458,-1.077,6.0,-1.169,-0.946,
20260723_111217,20260723,156.7,2.054,-1.204,-1.794,6.0,-1.754,-1.721,
20260723_111501,20260723,157.0,2.039,-1.391,-1.391,0.2,-1.915,-1.942,
20260723_111746,20260723,156.0,1.964,-1.0,-1.0,0.2,-1.032,-1.579,
20260723_112030,20260723,155.0,1.957,-2.939,-3.327,6.0,-3.348,-3.331,
20260723_112314,20260723,155.3,2.023,-2.362,-2.362,0.2,-2.745,-2.776,
20260723_112558,20260723,154.3,1.968,-0.908,-0.908,0.2,-1.929,-1.931,
20260723_112857,20260723,153.7,1.965,-1.865,-2.058,6.0,-2.067,-2.057,
20260723_113141,20260723,155.0,1.976,-1.373,-1.373,0.2,-2.165,-2.172,
20260723_113425,20260723,153.3,2.034,-2.101,-2.484,6.0,-2.503,-2.48,
20260723_113709,20260723,152.3,2.114,-1.788,-1.788,0.2,-2.413,-2.622,
20260723_113909,20260723,153.0,2.169,-1.7,-1.7,0.2,-2.119,-2.123,
20260723_114434,20260723,154.0,2.163,-1.369,-1.369,0.2,-2.194,-2.767,
20260723_115001,20260723,153.3,2.179,-1.892,-1.892,0.2,-2.723,-2.926,
20260723_115527,20260723,152.3,2.149,-1.89,-2.522,6.0,-2.525,-2.524,
20260723_120052,20260723,153.3,2.163,-2.178,-2.178,0.2,-2.391,-2.804,
20260723_120620,20260723,152.3,2.306,1.747,0.715,3.494,1.378,0.715,
20260723_121145,20260723,151.7,2.294,2.557,0.178,2.447,1.046,0.178,
20260723_121711,20260723,149.0,2.52,2.539,0.299,2.602,1.194,0.3,
20260723_122239,20260723,148.0,2.487,3.175,1.142,3.448,2.276,1.161,
20260723_122804,20260723,144.3,2.57,2.173,0.544,6.0,1.24,1.004,
20260723_123330,20260723,144.0,2.547,3.115,0.778,3.526,1.476,0.775,
20260723_123857,20260723,143.7,2.595,3.211,0.874,3.331,2.276,1.104,
20260723_124423,20260723,144.3,2.56,3.817,0.507,3.754,2.163,1.22,
20260723_124949,20260723,141.7,2.682,2.654,0.474,2.789,1.445,0.476,
20260723_125518,20260723,143.0,2.612,3.094,1.161,4.155,1.895,1.174,
20260723_130043,20260723,142.0,2.632,3.644,0.741,2.937,1.955,0.744,
20260723_130610,20260723,140.3,2.658,3.448,0.991,3.006,2.472,0.993,
20260723_131137,20260723,140.7,2.679,3.606,0.662,3.609,2.144,1.158,
20260723_131703,20260723,139.7,2.788,2.395,0.645,4.928,1.647,1.144,
20260723_132230,20260723,139.7,2.758,3.225,0.741,5.163,1.738,1.237,
20260723_132757,20260723,138.3,2.865,3.592,0.325,3.89,1.839,1.076,
20260723_133324,20260723,139.0,2.866,4.215,0.831,3.184,2.719,1.225,
20260723_133850,20260723,134.7,2.974,3.623,1.042,3.005,2.578,1.035,
20260723_134418,20260723,135.3,2.995,3.249,0.641,3.902,2.2,1.29,
20260723_134944,20260723,133.7,2.942,4.583,2.539,4.685,3.823,2.578,
20260723_135509,20260723,134.3,2.914,5.105,2.275,6.0,3.832,2.973,
20260723_140037,20260723,134.3,2.97,4.79,2.334,5.908,4.025,3.041,
20260723_140603,20260723,133.0,2.824,4.173,4.173,0.2,3.118,3.364,
20260723_141129,20260723,133.0,2.786,4.557,3.44,6.0,3.745,3.466,
20260723_141657,20260723,133.3,2.815,3.786,2.726,6.0,3.262,2.776,
20260723_142223,20260723,133.7,2.832,3.703,2.648,5.958,3.443,2.609,
20260723_142834,20260723,134.0,2.843,4.025,2.966,6.0,3.758,2.982,
20260723_143405,20260723,129.7,2.969,4.929,2.406,6.0,3.264,2.681,
20260723_143934,20260723,129.3,3.033,4.074,2.114,6.0,3.23,2.681,
20260723_144505,20260723,129.3,3.014,4.598,2.511,6.0,3.479,2.869,
20260723_145036,20260723,127.7,2.98,4.791,2.878,6.0,3.957,3.406,
20260723_145604,20260723,126.7,3.012,4.446,2.595,6.0,3.049,2.503,
20260723_150132,20260723,123.7,3.054,5.437,2.931,4.531,4.88,3.221,
20260723_150702,20260723,123.0,3.114,3.392,2.23,6.0,2.553,2.287,
20260723_151231,20260723,122.3,11.682,16.712,7.164,6.0,14.776,12.843,
20260723_151759,20260723,121.3,14.068,11.115,4.384,6.0,9.876,7.707,
20260723_152328,20260723,127.0,12.362,21.459,7.851,6.0,19.124,16.289,
20260723_152858,20260723,115.0,12.089,21.579,9.497,6.0,20.806,17.267,
20260723_153423,20260723,125.7,11.716,10.693,2.834,5.494,9.428,6.911,
20260723_153950,20260723,115.3,7.869,3.407,0.719,4.606,2.165,1.444,
20260723_154515,20260723,122.7,10.974,29.078,16.627,6.0,27.724,25.448,
20260723_155040,20260723,128.7,6.683,1.254,0.319,1.61,0.631,-0.609,
20260723_155608,20260723,115.7,8.678,7.138,3.826,6.0,5.565,4.7,
20260723_160133,20260723,118.0,8.9,11.136,5.545,4.986,7.91,5.529,
20260723_160659,20260723,123.0,3.242,4.672,1.615,4.885,2.774,1.917,
20260723_161226,20260723,129.7,15.44,-36.005,-36.125,6.0,-36.006,-35.969,
20260723_161751,20260723,119.0,12.831,12.399,1.974,5.327,10.792,7.799,
20260723_162316,20260723,130.7,10.801,12.622,4.485,6.0,11.004,8.706,
20260723_162844,20260723,129.0,6.152,2.165,1.052,5.016,1.489,1.044,
20260723_163409,20260723,125.3,6.731,6.491,1.685,5.241,3.802,2.726,
20260723_163934,20260723,128.7,6.29,7.737,2.449,3.638,6.384,3.48,
20260723_164501,20260723,123.0,9.713,11.786,3.437,6.0,9.733,7.986,
20260723_165026,20260723,126.7,13.9,12.985,3.335,5.669,11.778,8.751,
20260723_165551,20260723,124.0,21.138,-13.381,-13.381,0.2,-13.638,-13.639,
20260723_170119,20260723,120.7,14.155,-21.337,-21.337,0.2,-21.337,-21.341,
20260723_170644,20260723,119.7,8.451,6.214,1.311,4.413,4.878,3.163,
20260723_171209,20260723,120.3,6.501,3.798,2.673,6.0,3.488,2.911,
20260723_171736,20260723,118.7,5.188,4.138,1.98,5.869,3.413,2.572,
20260723_172302,20260723,119.3,3.093,5.122,2.493,4.179,4.01,2.496,
20260723_172911,20260723,114.3,7.501,20.643,9.644,6.0,19.007,15.95,
20260723_173438,20260723,115.7,11.185,1.037,0.121,0.675,-0.147,-0.691,
20260723_174003,20260723,114.3,4.617,3.54,1.053,3.115,2.561,1.108,
20260723_174533,20260723,116.7,15.457,25.772,12.669,6.0,23.696,20.657,
20260723_175101,20260723,115.3,16.464,-13.109,-13.109,0.2,-13.111,-13.115,
20260723_175627,20260723,114.0,14.641,33.668,23.916,6.0,32.41,30.682,
20260723_180152,20260723,118.0,16.339,17.596,7.761,6.0,16.226,14.133,
20260723_180720,20260723,113.3,17.485,19.343,7.557,6.0,17.943,15.552,
20260723_181245,20260723,115.7,4.02,3.257,0.712,3.592,2.382,1.279,
20260723_181810,20260723,111.7,14.5,16.156,5.998,6.0,15.229,12.772,
20260723_182338,20260723,113.0,16.09,-7.869,-7.869,0.2,-7.884,-8.829,
20260723_182903,20260723,111.7,23.896,37.438,23.162,6.0,35.642,33.314,
20260723_183429,20260723,116.3,11.896,-0.766,-0.732,6.0,-0.937,-0.93,
20260723_183956,20260723,118.7,15.97,8.664,3.408,6.0,7.473,5.703,
20260723_184521,20260723,120.3,4.73,4.921,3.178,6.0,4.348,3.486,
20260723_185052,20260723,115.7,3.285,4.631,2.415,6.0,3.701,3.398,
20260723_185619,20260723,115.0,3.282,4.189,2.837,5.042,4.195,2.949,
20260723_190144,20260723,115.0,3.179,4.409,2.278,6.0,3.531,3.168,
20260723_190714,20260723,116.0,12.446,12.551,4.121,5.555,11.168,8.225,
20260723_191242,20260723,113.7,3.362,5.513,3.231,5.873,4.635,3.494,
20260723_191808,20260723,111.3,12.442,26.846,13.132,6.0,25.107,22.329,
20260723_192334,20260723,110.3,9.949,7.318,2.727,4.026,5.798,3.498,
20260723_192901,20260723,118.3,8.357,3.52,1.125,3.952,2.686,1.594,
20260723_193427,20260723,119.3,3.686,7.6,3.599,6.0,5.977,4.647,
20260723_193952,20260723,120.7,2.973,3.85,3.85,0.2,2.763,2.816,
20260723_194525,20260723,121.3,2.86,5.868,3.866,6.0,4.514,4.348,
20260723_195051,20260723,120.7,10.636,3.216,1.749,4.901,2.543,1.761,
20260723_195616,20260723,123.0,3.146,4.317,1.169,2.772,3.566,1.151,
20260723_200144,20260723,124.0,3.157,5.655,2.23,5.312,3.803,2.745,
20260723_200709,20260723,120.7,3.452,4.372,1.471,4.124,2.713,1.671,
20260723_201235,20260723,121.7,16.793,16.475,4.31,5.676,15.228,11.32,
20260723_201802,20260723,119.7,12.638,8.885,3.778,3.773,7.769,4.407,
20260723_202327,20260723,125.3,12.666,19.525,7.426,6.0,18.05,14.314,
20260723_202936,20260723,124.7,10.539,4.83,0.295,2.89,3.127,1.142,
20260723_203503,20260723,125.7,3.196,3.507,2.139,6.0,2.299,1.947,
20260723_204028,20260723,126.7,3.013,5.247,3.139,6.0,4.169,3.336,
20260723_204554,20260723,127.0,2.938,5.828,3.08,4.65,4.668,3.133,
20260723_205121,20260723,129.7,3.058,3.822,1.05,3.883,2.683,1.566,
20260723_205646,20260723,130.3,2.967,4.713,2.286,5.918,3.288,2.486,
20260723_210211,20260723,131.3,2.977,3.982,1.846,4.277,2.917,1.849,
20260723_210739,20260723,134.0,2.963,3.791,1.831,6.0,2.44,1.927,
20260723_211304,20260723,133.7,2.969,3.945,1.234,4.161,2.856,1.772,
20260723_211829,20260723,139.3,2.846,4.678,1.126,3.087,2.646,1.124,
20260723_212356,20260723,137.7,2.872,3.344,1.251,4.799,2.037,1.394,
20260723_212921,20260723,139.3,3.028,3.178,1.412,3.928,2.417,1.426,
20260723_213448,20260723,139.3,2.767,3.903,1.368,3.831,2.382,1.373,
20260723_214015,20260723,140.7,2.819,2.944,0.45,3.049,1.696,0.703,
20260723_214540,20260723,140.0,2.803,4.963,1.393,3.327,3.398,1.646,
20260723_215105,20260723,140.7,2.696,4.121,0.384,2.911,2.379,0.885,
20260723_215633,20260723,142.0,2.806,3.723,0.789,6.0,2.261,1.773,
20260723_220158,20260723,143.7,2.641,4.532,0.874,4.525,2.817,1.858,
20260723_220723,20260723,146.7,2.651,5.265,1.279,2.854,3.624,1.279,
20260723_221250,20260723,147.0,2.657,5.785,1.121,3.368,3.685,1.818,
20260723_221815,20260723,147.3,2.568,5.023,1.537,3.189,3.399,1.535,
20260723_222340,20260723,148.7,2.545,5.307,1.404,4.438,3.262,2.124,
20260723_222908,20260723,152.0,2.392,3.752,0.012,2.613,1.774,0.454,
20260723_223433,20260723,153.0,2.28,5.534,0.849,3.008,3.173,1.277,
20260723_223958,20260723,154.7,2.185,2.747,0.378,2.626,1.447,0.379,
20260723_224526,20260723,155.0,2.198,3.136,0.801,3.662,1.428,0.785,
20260723_225050,20260723,157.0,2.214,3.62,0.541,2.995,2.142,0.854,
20260723_225616,20260723,157.0,2.23,3.739,0.453,2.528,1.87,0.401,
20260723_230143,20260723,157.3,2.175,4.937,0.997,2.924,2.678,1.008,
20260723_230708,20260723,157.0,2.121,4.037,0.721,3.951,1.547,0.918,
20260723_231233,20260723,157.7,2.146,2.78,0.234,2.859,1.821,0.646,
20260723_231557,20260723,158.3,2.12,3.665,-0.027,2.9,1.028,0.379,
20260723_231841,20260723,159.3,2.068,4.736,0.547,2.706,2.526,0.75,
20260723_232126,20260723,160.3,2.08,4.077,0.541,3.174,2.085,0.934,
20260723_232410,20260723,159.3,2.125,3.903,-0.178,2.645,1.526,0.413,
20260723_232654,20260723,160.3,2.086,4.148,0.461,2.558,1.791,0.411,
20260723_232938,20260723,160.7,2.047,4.691,0.303,3.138,2.37,1.04,
20260723_233223,20260723,160.3,2.081,5.597,0.744,2.624,2.885,0.754,
20260723_233507,20260723,160.7,2.041,5.47,0.456,3.03,3.545,1.45,
20260723_233751,20260723,160.7,2.064,5.778,0.784,3.029,3.159,1.291,
20260723_234035,20260723,160.3,2.158,4.961,1.122,3.137,2.727,1.196,
20260723_234320,20260723,160.7,2.059,5.092,0.72,2.679,2.678,0.763,
20260723_234604,20260723,160.7,2.016,4.666,0.997,2.911,2.993,1.114,
20260723_234848,20260723,161.0,2.039,5.257,0.385,2.907,2.687,0.996,
20260723_235132,20260723,159.7,2.077,5.168,0.99,2.853,2.889,1.018,
20260723_235416,20260723,159.7,2.104,4.743,0.084,2.253,2.206,0.093,
20260723_235701,20260723,160.0,2.072,5.042,-0.105,2.153,2.686,-0.11,
20260724_000000,20260724,160.0,2.115,4.858,-0.119,2.1,1.262,-0.115,
20260724_000244,20260724,159.7,2.041,4.103,0.33,2.767,1.016,0.326,
20260724_000528,20260724,159.7,2.07,4.169,-0.26,2.04,1.643,-0.253,
20260724_000813,20260724,160.0,2.104,4.181,0.06,2.242,1.639,0.056,
20260724_001057,20260724,159.7,2.085,4.317,-0.243,1.883,0.692,-0.248,
20260724_001341,20260724,159.7,1.994,4.945,-0.04,1.74,0.725,-0.45,
20260724_001626,20260724,159.0,1.982,5.073,-0.853,1.797,1.739,-0.879,
20260724_001910,20260724,157.7,1.953,5.463,0.493,2.553,2.146,0.488,
20260724_002154,20260724,156.0,1.992,3.576,-0.025,2.18,1.471,-0.025,
20260724_002439,20260724,154.3,1.897,3.299,0.293,2.831,0.774,0.267,
20260724_002723,20260724,150.0,2.012,4.349,-0.428,1.788,1.118,-0.584,
20260724_003007,20260724,144.3,1.989,3.917,0.173,2.345,1.576,0.17,
20260724_003252,20260724,138.0,2.169,4.432,1.012,3.792,1.845,1.052,
20260724_003536,20260724,131.0,2.304,4.271,0.556,2.93,1.993,0.754,
20260724_003821,20260724,121.7,2.368,4.857,0.914,3.476,2.245,1.157,
20260724_004105,20260724,117.0,2.53,4.744,0.705,3.846,1.606,0.929,
20260724_004350,20260724,112.3,2.63,4.669,0.724,2.728,2.584,0.789,
20260724_004634,20260724,100.7,2.678,5.308,1.335,2.81,3.882,1.309,
20260724_004919,20260724,91.3,2.831,5.31,0.915,4.508,2.974,1.957,
20260724_005204,20260724,81.7,3.048,6.128,1.719,3.058,4.759,1.984,
20260724_005448,20260724,66.3,3.37,5.019,1.906,6.0,4.094,3.169,
20260724_005733,20260724,50.3,4.136,5.677,1.765,4.55,4.25,2.813,
20260724_010018,20260724,35.0,4.926,7.652,3.15,4.936,6.827,4.745,
20260724_010330,20260724,19.0,6.417,6.899,2.701,4.951,6.897,4.802,
20260724_010856,20260724,4.0,9.977,9.145,5.002,6.0,9.145,7.55,
20260724_011457,20260724,0.0,18.811,10.948,10.948,1.0,10.948,10.948,
20260724_012021,20260724,,,,,,,,night
20260724_012548,20260724,,,,,,,,night
20260724_013112,20260724,,,,,,,,night
20260724_013635,20260724,,,,,,,,night
20260724_091452,20260724,,,,,,,,night
20260724_092016,20260724,,,,,,,,night
20260724_092540,20260724,,,,,,,,night
20260724_093105,20260724,,,,,,,,night
20260724_093629,20260724,,,,,,,,night
20260724_094153,20260724,0.0,15.297,11.804,5.208,6.0,11.804,10.712,
20260724_094720,20260724,5.7,8.396,6.374,1.821,4.126,5.076,3.127,
20260724_095122,20260724,18.3,5.679,6.311,1.765,5.323,4.941,3.57,
20260724_095406,20260724,30.7,7.621,3.732,1.27,4.244,3.314,2.088,
20260724_095651,20260724,44.0,6.882,4.469,1.342,4.944,3.419,2.378,
20260724_095936,20260724,62.0,4.504,2.617,0.062,2.493,1.758,0.345,
20260724_100220,20260724,77.7,5.947,13.524,4.189,6.0,11.399,8.995,
20260724_100505,20260724,88.7,4.214,5.15,1.185,4.38,3.399,2.192,
20260724_100750,20260724,103.0,3.964,10.545,3.325,4.243,8.468,5.335,
20260724_101034,20260724,106.7,4.322,-3.09,-3.09,0.2,-3.326,-3.781,
20260724_101319,20260724,111.0,3.551,4.662,0.489,2.702,2.403,0.709,
20260724_101603,20260724,115.3,4.372,7.391,0.9,2.884,4.131,1.5,
20260724_101848,20260724,120.0,4.385,4.429,0.647,3.11,1.48,0.638,
20260724_102132,20260724,129.0,4.198,5.067,1.175,3.531,2.667,1.403,
20260724_102429,20260724,135.7,3.143,2.129,0.006,4.704,0.57,0.385,
20260724_102714,20260724,141.3,2.822,1.934,0.126,3.73,0.845,0.474,
20260724_102958,20260724,146.7,3.183,5.284,0.149,2.287,2.255,0.152,
20260724_103242,20260724,152.3,3.761,7.046,0.158,2.289,3.487,0.241,
20260724_103526,20260724,157.0,3.622,4.221,0.171,2.621,0.835,0.217,
20260724_103811,20260724,159.0,3.453,1.782,0.021,1.076,0.021,-0.31,
20260724_104055,20260724,160.0,4.831,2.132,-0.247,1.642,0.479,-0.417,
20260724_104339,20260724,158.0,5.138,-2.554,-2.559,0.2,-2.914,-3.07,
20260724_104623,20260724,158.3,2.914,4.602,0.522,2.904,1.423,0.526,
20260724_104907,20260724,156.3,3.549,2.724,0.153,2.801,1.633,0.545,
20260724_105152,20260724,161.7,4.115,1.231,1.232,0.2,-0.469,-1.068,
20260724_105436,20260724,162.0,3.184,1.602,1.259,0.2,-0.502,-0.77,
20260724_105720,20260724,158.3,6.188,7.753,0.929,2.666,3.414,0.956,
20260724_110004,20260724,162.0,4.287,3.968,-0.201,2.018,1.157,-0.207,
20260724_110248,20260724,158.0,7.151,7.435,1.019,3.146,4.347,1.916,
20260724_110532,20260724,157.7,7.076,0.269,0.265,0.2,-1.464,-1.787,
20260724_110816,20260724,159.7,3.096,3.006,-0.144,1.906,0.335,-0.109,
20260724_111100,20260724,159.0,4.466,-2.97,-2.785,0.2,-2.959,-3.112,
20260724_111344,20260724,157.7,4.669,-1.844,-1.845,0.2,-1.844,-2.008,
20260724_111644,20260724,158.0,4.848,-5.145,-5.329,6.0,-5.349,-5.336,
20260724_111928,20260724,155.7,3.68,4.047,0.276,2.445,1.675,0.284,
20260724_112212,20260724,155.0,3.737,-5.127,-5.132,0.2,-5.356,-5.372,
20260724_112456,20260724,156.3,6.354,2.193,-1.278,6.0,-0.304,-0.296,
20260724_112740,20260724,156.3,4.774,6.625,0.395,2.471,3.144,0.579,
20260724_113024,20260724,155.0,2.958,4.303,-0.054,2.74,1.07,0.332,
20260724_113308,20260724,155.7,5.138,0.679,0.276,0.2,-1.149,-1.332,
20260724_113552,20260724,153.3,3.714,0.88,0.681,0.201,-0.541,-1.352,
20260724_114234,20260724,155.3,4.201,-3.38,-3.769,6.0,-3.783,-3.772,
20260724_114759,20260724,152.3,9.262,6.1,0.968,3.179,3.483,1.565,
20260724_115328,20260724,153.0,2.59,-0.95,-1.999,6.0,-2.005,-2.002,
20260724_115853,20260724,151.7,2.837,3.706,-0.668,2.469,0.804,0.147,
20260724_120419,20260724,158.7,3.557,2.533,-0.024,0.964,-0.023,-0.779,
20260724_120947,20260724,156.7,3.008,3.521,0.149,3.238,1.121,0.52,
20260724_121513,20260724,154.3,3.973,0.47,-0.562,6.0,-0.578,-0.567,
20260724_122039,20260724,154.3,3.97,-0.614,-0.614,0.2,-1.29,-1.725,
20260724_122606,20260724,153.0,2.848,4.299,0.832,3.143,1.825,0.803,
20260724_123131,20260724,151.0,2.808,1.083,-0.535,6.0,-0.253,-0.249,
20260724_123657,20260724,149.3,2.929,5.562,1.136,3.424,3.13,1.581,
20260724_124225,20260724,152.7,3.084,6.4,1.336,2.952,3.51,1.352,
20260724_124750,20260724,150.0,4.359,6.13,0.858,3.377,2.612,1.293,
20260724_125317,20260724,150.3,4.307,1.003,-0.071,0.572,-0.074,-0.281,
20260724_125845,20260724,149.3,5.363,-0.813,-1.278,6.0,-1.279,-1.277,
20260724_130412,20260724,150.0,5.52,12.826,2.439,3.604,9.04,4.875,
20260724_130937,20260724,150.0,3.745,4.75,1.385,4.425,2.399,1.559,
20260724_131504,20260724,151.0,3.31,1.573,1.573,0.2,0.445,0.451,
20260724_132030,20260724,147.7,3.569,7.307,1.255,3.058,4.614,1.924,
20260724_132556,20260724,148.3,3.147,5.019,1.071,3.828,2.709,1.56,
20260724_133124,20260724,145.3,3.166,6.015,1.065,2.877,2.954,1.065,
20260724_133652,20260724,144.3,2.689,4.093,0.626,2.813,1.894,0.64,
20260724_134217,20260724,145.7,3.431,7.382,1.503,2.919,4.055,1.519,
20260724_134746,20260724,144.7,3.311,0.466,0.465,0.2,-0.016,-0.023,
20260724_135313,20260724,146.3,4.371,10.486,2.891,3.741,7.635,4.292,
20260724_135839,20260724,148.0,5.197,-4.835,-4.852,6.0,-4.853,-4.848,
20260724_140407,20260724,148.3,3.415,3.605,0.749,6.0,1.016,0.985,
20260724_140935,20260724,141.7,4.764,4.693,1.439,3.506,2.764,1.44,
20260724_141502,20260724,143.7,4.41,8.623,2.672,3.529,5.518,2.9,
20260724_142034,20260724,145.0,3.738,3.052,1.425,6.0,1.871,1.649,
20260724_142647,20260724,146.0,4.292,6.717,2.089,4.189,3.951,2.464,
20260724_143214,20260724,142.0,6.486,1.26,0.055,2.306,0.651,0.053,
20260724_143744,20260724,143.3,6.537,-5.611,-5.611,0.2,-5.817,-5.828,
20260724_144314,20260724,146.3,3.228,6.637,0.981,2.771,3.193,1.03,
20260724_144840,20260724,146.0,5.758,14.478,2.965,4.459,11.948,7.803,
20260724_145410,20260724,147.3,4.736,-2.076,-2.076,0.2,-2.776,-2.776,
20260724_145939,20260724,141.0,4.675,6.211,0.325,3.624,3.928,2.132,
20260724_150507,20260724,141.3,4.134,0.616,0.615,0.245,-0.168,-0.436,
20260724_151038,20260724,145.0,4.274,5.179,0.694,5.882,2.841,2.142,
20260724_151606,20260724,147.0,4.082,5.354,1.25,3.55,2.274,1.203,
20260724_152132,20260724,150.3,2.782,5.231,1.779,4.161,2.859,1.773,
20260724_152702,20260724,158.0,2.605,3.839,0.597,2.906,1.506,0.558,
20260724_153228,20260724,159.3,2.247,6.059,1.437,4.103,2.84,1.742,
20260724_153758,20260724,159.7,2.324,6.517,1.273,3.134,3.17,1.387,
20260724_154326,20260724,160.7,2.251,5.386,1.543,6.0,2.108,1.809,
20260724_154850,20260724,160.7,2.3,5.112,1.381,4.134,2.152,1.328,
20260724_155416,20260724,164.0,2.708,2.755,0.611,3.952,1.004,0.596,
20260724_155943,20260724,165.7,2.322,7.675,1.6,3.476,3.699,1.907,
20260724_160508,20260724,169.3,2.444,6.565,1.24,2.752,3.807,1.2,
20260724_161033,20260724,157.0,4.368,7.87,1.482,3.594,3.419,1.838,
20260724_161600,20260724,155.3,3.36,7.488,1.258,2.719,4.76,1.437,
20260724_162126,20260724,158.3,2.839,8.716,2.12,3.391,4.89,2.436,
20260724_162651,20260724,162.0,4.547,10.773,2.175,3.032,7.164,2.932,
20260724_163219,20260724,163.3,2.983,5.182,0.675,4.704,1.86,1.257,
20260724_163744,20260724,165.0,2.488,4.922,0.159,2.303,1.967,0.155,
20260724_164309,20260724,164.7,2.158,2.393,2.391,0.2,0.731,0.775,
20260724_164837,20260724,169.0,2.077,8.283,1.602,2.992,4.724,1.878,
20260724_165402,20260724,170.7,2.245,4.735,1.317,3.933,2.164,1.279,
20260724_165927,20260724,172.0,3.227,-2.541,-2.541,0.2,-2.668,-2.712,
20260724_170454,20260724,169.3,3.059,7.116,1.291,2.761,4.511,1.436,
20260724_171019,20260724,166.3,3.421,7.54,1.263,2.674,4.38,1.24,
20260724_171544,20260724,168.3,2.533,4.112,1.167,4.355,1.733,1.113,
20260724_172111,20260724,160.3,3.902,-3.905,-3.889,6.0,-3.904,-3.895,
20260724_172719,20260724,165.3,6.093,-1.052,-1.052,0.2,-1.239,-1.608,
20260724_173244,20260724,157.0,6.666,-4.194,-4.194,0.2,-4.192,-4.207,
20260724_173812,20260724,157.3,9.119,-2.079,-2.079,0.2,-2.648,-2.988,
20260724_174337,20260724,147.3,5.899,3.02,-0.228,1.352,0.341,-0.821,
20260724_174902,20260724,149.7,12.608,7.919,1.358,3.705,5.322,2.962,
20260724_175429,20260724,149.3,12.039,-1.957,-1.957,0.2,-2.729,-2.874,
20260724_175954,20260724,148.3,5.359,2.358,0.707,6.0,0.903,0.697,
20260724_180519,20260724,148.0,3.42,7.183,1.718,3.152,3.892,1.722,
20260724_181047,20260724,150.3,8.246,9.234,2.143,3.163,5.743,2.558,
20260724_181612,20260724,147.3,6.026,3.156,0.508,3.833,1.142,0.658,
20260724_182137,20260724,149.0,6.008,14.959,2.548,4.086,11.853,7.243,
20260724_182705,20260724,148.3,7.176,1.384,0.068,2.61,0.238,0.061,
20260724_183230,20260724,152.0,4.583,10.257,1.665,2.977,7.577,2.979,
20260724_183755,20260724,154.3,3.947,-2.708,-2.708,0.2,-2.705,-2.876,
20260724_184322,20260724,159.3,4.144,-0.227,-1.183,6.0,-0.819,-0.816,
20260724_184847,20260724,164.0,2.897,4.755,1.645,3.739,2.307,1.296,
20260724_185413,20260724,169.3,2.673,5.052,0.747,3.375,1.76,0.871,
20260724_185940,20260724,170.3,2.153,2.855,2.855,0.2,0.416,0.437,
20260724_190510,20260724,168.7,2.175,3.292,0.932,6.0,1.03,0.918,
20260724_191035,20260724,169.7,2.114,5.186,1.156,3.51,2.381,1.243,
20260724_191602,20260724,167.3,2.437,6.4,0.719,2.525,3.315,0.707,
20260724_192130,20260724,166.0,2.593,6.077,0.671,2.595,2.712,0.672,
20260724_192655,20260724,165.7,4.853,3.057,0.516,2.935,1.483,0.563,
20260724_193223,20260724,156.7,2.921,3.679,1.135,6.0,1.665,1.332,
20260724_193748,20260724,151.7,4.977,12.033,2.424,3.566,8.874,4.724,
20260724_194314,20260724,151.3,4.149,4.49,0.621,4.554,2.33,1.543,
20260724_194841,20260724,151.3,2.627,6.668,0.926,2.905,3.687,1.365,
20260724_195407,20260724,150.7,3.438,1.373,0.235,3.873,0.381,0.222,
20260724_195932,20260724,138.0,2.643,3.145,0.548,6.0,1.132,1.022,
20260724_200459,20260724,132.3,3.389,1.821,0.483,4.481,0.916,0.601,
20260724_201025,20260724,128.7,4.134,1.109,0.137,3.231,0.255,0.118,
20260724_201550,20260724,128.0,5.594,4.588,0.755,3.752,2.459,1.387,
20260724_202117,20260724,123.7,4.878,12.649,3.186,4.969,10.404,7.259,
20260724_202725,20260724,126.7,4.737,7.104,1.442,3.394,5.224,2.605,
20260724_203250,20260724,121.3,5.852,0.935,0.935,0.2,0.354,0.392,
20260724_203818,20260724,126.0,4.578,7.582,1.324,3.364,4.075,2.006,
20260724_204348,20260724,143.7,5.122,15.845,3.275,4.189,12.542,7.822,
20260724_204913,20260724,143.0,5.736,6.837,1.072,2.879,3.621,1.308,
20260724_205446,20260724,141.0,5.469,2.915,2.915,0.2,1.255,1.258,
20260724_210011,20260724,137.0,6.436,10.007,2.786,3.597,7.829,4.211,
20260724_210536,20260724,149.7,4.219,9.82,2.05,2.933,6.53,2.475,
20260724_211103,20260724,150.3,3.566,9.846,1.584,2.874,6.068,2.182,
20260724_211628,20260724,140.0,4.804,5.715,1.008,2.986,2.503,0.991,
20260724_212153,20260724,130.3,5.759,1.506,1.506,0.2,-0.164,-0.406,
20260724_212720,20260724,126.3,5.59,-0.223,-0.605,6.0,-0.406,-0.398,
20260724_213245,20260724,125.3,6.44,6.486,0.641,3.003,4.063,1.629,
20260724_213810,20260724,132.3,4.109,10.688,1.698,3.705,7.576,4.215,
20260724_214338,20260724,138.0,3.842,8.253,1.445,2.755,5.005,1.582,
20260724_214903,20260724,160.0,2.166,4.222,0.388,2.499,1.93,0.385,
20260724_215428,20260724,167.7,2.679,5.513,1.001,3.543,1.889,0.998,
20260724_215955,20260724,165.0,2.809,2.913,0.28,2.737,0.903,0.279,
20260724_220520,20260724,157.7,2.233,5.612,1.617,4.738,2.706,1.838,
20260724_221046,20260724,157.7,2.172,4.759,0.989,3.719,2.312,1.292,
20260724_221613,20260724,155.3,2.46,5.22,1.232,3.527,2.44,1.281,
20260724_222138,20260724,137.7,5.314,10.411,1.273,3.072,7.522,3.166,
20260724_222703,20260724,131.0,3.7,-2.784,-2.955,6.0,-2.98,-2.972,
20260724_223231,20260724,130.0,4.405,-2.654,-2.637,6.0,-2.66,-2.658,
20260724_223756,20260724,132.3,3.565,1.711,0.189,3.013,0.908,0.367,
20260724_224321,20260724,138.7,3.636,8.14,1.822,3.279,5.558,2.632,
20260724_224848,20260724,135.0,6.258,4.458,0.843,2.781,2.523,0.823,
20260724_225418,20260724,139.0,3.726,8.282,1.617,3.25,4.856,2.266,
20260724_225944,20260724,142.3,2.623,5.966,1.407,3.875,3.193,1.861,
20260724_230511,20260724,130.3,4.381,2.588,0.067,2.285,1.089,0.072,
20260724_231036,20260724,132.0,2.563,2.456,0.138,2.508,1.345,0.274,
20260724_231439,20260724,130.0,5.917,15.761,3.297,5.091,13.0,9.187,
20260724_231724,20260724,131.7,3.231,7.686,1.722,3.349,4.089,2.0,
20260724_232008,20260724,138.7,4.414,6.845,1.524,2.971,3.668,1.435,
20260724_232252,20260724,142.7,7.208,7.939,2.539,3.684,4.728,2.614,
20260724_232537,20260724,143.0,5.228,6.803,1.877,4.259,3.578,2.261,
20260724_232821,20260724,136.7,3.294,3.94,1.119,5.582,2.302,1.699,
20260724_233105,20260724,131.0,2.722,6.658,1.814,4.888,3.712,2.566,
20260724_233350,20260724,128.7,2.414,6.15,0.863,3.723,2.892,1.617,
20260724_233634,20260724,127.7,3.478,4.201,1.093,3.533,1.954,1.028,
20260724_233918,20260724,132.7,3.185,3.204,1.02,5.343,1.386,1.003,
20260724_234203,20260724,138.3,2.816,4.306,1.42,6.0,1.709,1.359,
20260724_234447,20260724,141.0,3.36,4.426,0.947,4.476,1.736,1.137,
20260724_234751,20260724,141.0,2.92,7.41,1.407,2.787,4.827,1.586,
20260724_235035,20260724,142.3,2.556,2.871,0.534,6.0,0.618,0.508,
20260724_235320,20260724,141.0,3.044,2.981,0.383,2.556,1.555,0.356,
20260724_235604,20260724,137.7,3.023,1.466,0.392,6.0,0.424,0.384,
20260724_235848,20260724,133.7,2.745,3.697,0.705,5.497,1.219,0.894,
20260725_000133,20260725,130.0,2.55,5.979,-0.159,2.358,2.314,0.269,
20260725_000417,20260725,128.3,2.613,6.909,0.378,2.763,3.53,1.127,
20260725_000701,20260725,128.0,2.529,4.857,0.075,2.253,1.709,0.072,
20260725_000945,20260725,128.3,2.427,3.785,-0.118,2.102,1.232,-0.11,
20260725_001230,20260725,131.3,2.153,4.91,0.53,2.769,1.544,0.497,
20260725_001514,20260725,137.7,2.205,6.268,1.15,3.429,2.02,1.022,
20260725_001759,20260725,140.7,1.897,6.248,0.164,2.328,1.872,0.181,
20260725_002043,20260725,138.0,2.524,9.211,0.358,2.304,4.469,0.357,
20260725_002328,20260725,135.7,2.388,3.362,0.922,6.0,0.948,0.919,
20260725_002612,20260725,135.0,2.011,5.211,0.23,2.694,1.51,0.441,
20260725_002856,20260725,133.3,4.19,3.928,0.031,1.924,1.135,-0.338,
20260725_003141,20260725,133.0,4.114,6.69,0.596,2.455,3.272,0.574,
20260725_003425,20260725,131.3,3.232,5.441,-0.095,2.423,1.861,0.291,
20260725_003710,20260725,127.3,3.065,0.892,0.007,1.009,0.007,-0.892,
20260725_003954,20260725,122.3,3.324,2.938,-0.072,1.604,0.813,-0.802,
20260725_004239,20260725,111.3,3.482,0.02,0.02,0.2,-1.084,-1.325,
20260725_004632,20260725,87.7,4.402,6.203,0.57,2.667,3.489,0.978,
20260725_004917,20260725,78.7,3.41,7.023,0.186,2.601,3.708,0.929,
20260725_005201,20260725,58.0,4.033,2.596,0.223,2.721,1.75,0.53,
20260725_005446,20260725,42.3,4.888,4.898,0.523,2.901,2.514,0.927,
20260725_005731,20260725,30.0,5.977,4.184,0.327,3.657,2.898,1.589,
20260725_010015,20260725,18.7,7.043,9.405,3.672,3.989,8.168,4.889,
20260725_010158,20260725,14.3,7.391,11.317,3.463,3.722,9.489,5.305,
20260725_010722,20260725,2.3,11.755,-4.747,-4.747,0.2,-5.184,-5.7,
20260725_011325,20260725,0.0,20.351,11.869,4.515,6.0,11.869,10.304,
20260725_011849,20260725,,,,,,,,night
20260725_012413,20260725,,,,,,,,night
20260725_012944,20260725,,,,,,,,night
20260725_013508,20260725,,,,,,,,night
20260725_091901,20260725,,,,,,,,night
20260725_092430,20260725,,,,,,,,night
20260725_092953,20260725,,,,,,,,night
20260725_093519,20260725,,,,,,,,night
20260725_094041,20260725,,,,,,,,night
20260725_094605,20260725,0.0,22.332,9.711,2.839,6.0,9.711,9.703,
20260725_095131,20260725,4.0,15.469,35.034,17.92,6.0,35.04,30.819,
20260725_095351,20260725,8.3,11.616,10.923,3.24,4.223,9.237,5.798,
20260725_095636,20260725,18.7,8.65,-9.072,-9.072,0.2,-9.08,-9.091,
20260725_095920,20260725,34.0,6.945,-2.08,-2.08,0.2,-2.74,-2.756,
20260725_100205,20260725,44.0,7.027,7.676,2.002,6.0,5.017,3.852,
20260725_100449,20260725,56.7,4.444,8.272,2.509,4.296,6.409,4.075,
20260725_100747,20260725,71.7,4.594,7.623,2.34,4.148,5.459,3.378,
20260725_101031,20260725,86.7,7.962,5.481,0.966,2.782,2.986,0.975,
20260725_101316,20260725,87.0,6.624,7.41,2.289,4.183,5.003,3.117,
20260725_101600,20260725,81.3,3.744,8.768,2.396,3.667,6.647,3.656,
20260725_101845,20260725,84.7,3.37,3.761,0.032,3.084,2.265,0.961,
20260725_102129,20260725,91.0,3.143,5.246,1.285,3.201,3.426,1.558,
20260725_102414,20260725,94.3,2.583,5.989,0.573,3.086,3.085,1.31,
20260725_102658,20260725,97.7,2.8,4.419,0.334,2.136,2.297,-0.13,
20260725_102943,20260725,105.3,2.805,5.135,1.509,3.899,2.58,1.512,
20260725_103227,20260725,109.0,2.769,5.01,1.02,2.965,3.23,1.258,
20260725_103512,20260725,109.7,2.742,2.651,0.975,5.344,1.333,0.964,
20260725_103756,20260725,113.7,3.627,6.763,0.742,2.522,3.685,0.779,
20260725_104041,20260725,122.0,3.888,6.306,0.288,2.314,3.537,0.308,
20260725_104325,20260725,122.7,3.345,7.791,0.703,2.8,4.583,1.528,
20260725_104610,20260725,122.7,3.037,5.129,0.084,2.326,2.126,0.203,
20260725_104854,20260725,122.0,3.93,4.895,1.259,3.379,2.595,1.286,
20260725_105139,20260725,122.7,2.378,4.883,1.534,4.793,2.81,1.921,
20260725_105423,20260725,124.0,2.545,3.606,0.743,4.0,1.51,0.906,
20260725_105707,20260725,127.3,2.298,-0.325,-0.735,6.0,-0.907,-0.736,
20260725_105952,20260725,121.7,3.031,6.51,1.381,3.033,4.4,1.803,
20260725_110236,20260725,119.0,2.595,5.593,0.26,3.567,2.656,1.414,
20260725_110536,20260725,121.0,2.605,5.354,-0.173,2.489,2.197,0.427,
20260725_110820,20260725,125.3,4.006,-2.406,-2.406,0.2,-2.393,-2.796,
20260725_111104,20260725,127.3,2.963,4.589,0.832,2.959,2.042,0.791,
20260725_111349,20260725,134.3,2.708,2.168,2.168,0.2,0.561,0.586,
20260725_111633,20260725,138.3,2.797,6.171,0.149,2.659,1.892,0.523,
20260725_111917,20260725,141.0,2.352,3.776,0.44,3.032,1.054,0.432,
20260725_112201,20260725,143.0,2.012,3.208,2.733,0.2,0.961,1.047,
20260725_112446,20260725,143.3,2.468,3.596,0.92,6.0,1.244,1.055,
20260725_112730,20260725,143.3,2.204,4.737,1.405,4.534,2.215,1.463,
20260725_113014,20260725,145.0,2.207,4.943,1.529,5.092,2.204,1.558,
20260725_113258,20260725,145.0,2.924,2.575,0.712,6.0,0.797,0.719,
20260725_113543,20260725,143.0,2.509,7.172,1.72,3.373,3.769,1.863,
20260725_113827,20260725,135.7,2.889,6.174,0.706,2.617,2.893,0.746,
20260725_114157,20260725,138.0,2.824,3.783,0.323,2.741,1.021,0.317,
20260725_114723,20260725,142.0,5.307,-5.012,-5.016,6.0,-5.015,-5.013,
20260725_115249,20260725,135.3,3.271,7.13,-0.177,2.144,3.565,-0.175,
20260725_115817,20260725,128.0,3.556,8.496,1.52,2.919,5.187,1.944,
20260725_120342,20260725,141.7,2.613,5.193,0.102,2.566,2.215,0.518,
20260725_120909,20260725,147.0,2.035,5.38,0.701,2.943,2.304,0.881,
20260725_121437,20260725,156.7,1.794,5.221,1.399,5.109,2.045,1.448,
20260725_122004,20260725,153.3,1.893,4.111,0.231,2.431,1.425,0.23,
20260725_122530,20260725,143.0,2.235,4.611,0.661,2.806,1.999,0.671,
20260725_123058,20260725,138.3,2.022,4.407,0.396,3.285,1.134,0.538,
20260725_123623,20260725,133.3,2.278,6.396,0.886,2.864,2.572,0.917,
20260725_124149,20260725,125.7,2.262,5.547,0.732,2.702,2.557,0.754,
20260725_124717,20260725,133.7,2.421,6.941,0.783,2.744,2.584,0.805,
20260725_125243,20260725,134.3,2.034,2.482,0.024,2.249,0.609,0.024,
20260725_125809,20260725,120.3,2.756,3.428,-0.195,2.106,1.451,-0.123,
20260725_130337,20260725,123.0,2.166,5.387,0.799,2.865,2.279,0.813,
20260725_130904,20260725,122.0,2.7,5.724,-0.038,2.182,2.574,-0.038,
20260725_131430,20260725,136.3,3.426,2.146,0.143,2.514,0.755,0.157,
20260725_131958,20260725,140.7,2.085,4.218,0.312,2.708,1.045,0.311,
20260725_132524,20260725,154.3,2.963,0.996,0.995,0.2,-0.293,-0.44,
20260725_133049,20260725,162.0,2.434,1.362,0.137,2.733,0.447,0.137,
20260725_133616,20260725,153.0,3.592,5.049,0.023,2.793,2.472,0.818,
20260725_134142,20260725,149.3,2.398,4.099,0.66,3.616,1.888,1.022,
20260725_134707,20260725,145.7,3.164,9.498,0.732,2.638,5.122,1.369,
20260725_135236,20260725,140.0,2.678,5.513,0.447,3.528,1.994,1.047,
20260725_135801,20260725,150.3,3.126,9.947,1.377,2.902,6.745,2.49,
20260725_140326,20260725,159.3,4.371,6.139,-0.001,2.381,2.716,0.356,
20260725_140856,20260725,161.0,3.369,1.363,0.285,0.574,-0.272,-1.038,
20260725_141423,20260725,164.7,5.927,8.074,0.6,2.37,4.802,0.596,
20260725_141950,20260725,154.3,5.245,13.575,1.43,3.06,9.309,3.885,
20260725_142603,20260725,151.0,6.282,7.715,0.867,2.611,3.518,0.897,
20260725_143133,20260725,154.7,4.992,5.259,-0.4,2.019,1.967,-0.35,
20260725_143702,20260725,148.7,7.938,10.649,1.681,2.65,7.064,1.927,
20260725_144230,20260725,149.0,4.567,4.172,0.093,4.166,1.201,0.746,
20260725_144759,20260725,151.7,2.505,4.987,1.346,5.835,1.752,1.317,
20260725_145328,20260725,148.3,6.306,5.619,1.748,3.849,3.158,1.828,
20260725_145857,20260725,138.0,3.83,2.57,0.034,2.254,0.862,0.037,
20260725_150425,20260725,130.3,3.006,2.16,0.121,1.899,0.294,-0.098,
20260725_150952,20260725,130.7,6.923,-19.028,-18.934,6.0,-18.938,-18.936,
20260725_151521,20260725,128.0,3.655,6.164,0.245,2.281,3.842,0.242,
20260725_152051,20260725,132.3,8.999,21.628,3.673,5.053,18.446,12.984,
20260725_152620,20260725,144.3,10.198,17.99,1.849,4.089,13.763,8.417,
20260725_153152,20260725,140.0,5.386,5.952,0.458,2.852,2.836,0.999,
20260725_153719,20260725,120.7,5.66,7.029,0.306,2.449,3.65,0.628,
20260725_154246,20260725,116.0,5.758,-1.125,-1.132,0.2,-1.324,-1.524,
20260725_154817,20260725,111.0,8.811,7.08,0.89,3.523,4.313,2.261,
20260725_155342,20260725,118.3,10.7,16.075,2.769,4.119,12.976,7.983,
20260725_155907,20260725,121.7,9.545,20.112,2.683,5.5,16.616,12.185,
20260725_160435,20260725,139.7,6.3,3.177,-0.74,1.595,0.77,-0.783,
20260725_161000,20260725,122.3,10.938,-2.647,-2.647,0.2,-2.649,-3.375,
20260725_161525,20260725,119.3,8.926,5.374,-0.115,1.399,1.176,-2.365,
20260725_162052,20260725,117.7,7.66,-8.346,-8.343,6.0,-8.345,-8.343,
20260725_162617,20260725,122.7,7.654,2.347,-0.357,1.542,0.612,-0.744,
20260725_163142,20260725,126.0,11.035,-20.826,-21.602,6.0,-21.493,-21.483,
20260725_163709,20260725,133.7,4.475,4.709,0.422,3.111,3.148,1.358,
20260725_164234,20260725,137.7,12.292,16.197,3.37,4.165,12.896,8.006,
20260725_164759,20260725,136.7,11.577,22.425,3.521,5.196,19.623,14.011,
20260725_165327,20260725,140.0,8.461,7.404,0.737,2.453,4.166,0.725,
20260725_165852,20260725,138.3,7.298,1.169,0.05,0.62,-0.204,-0.848,
20260725_170417,20260725,141.7,12.174,14.037,2.247,3.06,9.122,3.809,
20260725_170944,20260725,144.7,8.84,1.27,1.27,0.2,-0.499,-1.162,
20260725_171510,20260725,125.0,9.317,10.538,1.495,2.928,7.448,2.813,
20260725_172035,20260725,113.3,7.917,11.08,0.675,3.255,7.996,3.742,
20260725_172645,20260725,120.0,8.369,2.165,-0.232,1.854,0.564,-0.229,
20260725_173210,20260725,127.0,5.221,3.235,-0.072,2.43,0.989,0.159,
20260725_173737,20260725,132.7,8.489,9.866,0.572,3.333,6.508,3.161,
20260725_174304,20260725,123.0,13.512,26.878,8.287,6.0,23.839,20.132,
20260725_174829,20260725,124.3,11.602,20.107,3.627,4.375,16.173,10.422,
20260725_175354,20260725,136.7,16.688,9.154,1.255,2.746,5.765,1.802,
20260725_175922,20260725,131.3,13.65,28.739,5.302,6.0,25.883,20.589,
20260725_180447,20260725,126.0,16.288,40.468,21.02,6.0,37.862,33.824,
20260725_181013,20260725,138.3,9.022,10.573,0.074,3.23,6.692,3.091,
20260725_181540,20260725,129.0,18.487,30.121,6.626,6.0,27.463,22.352,
20260725_182105,20260725,131.3,12.715,-16.291,-16.29,0.2,-16.314,-16.325,
20260725_182630,20260725,137.0,8.31,18.417,2.516,4.4,14.376,9.302,
20260725_183158,20260725,134.0,9.094,14.037,1.8,3.907,9.883,5.804,
20260725_183723,20260725,138.3,12.165,17.615,1.732,4.033,13.894,8.397,
20260725_184253,20260725,135.7,14.817,19.274,3.472,4.321,15.463,9.876,
20260725_184821,20260725,136.0,4.543,10.154,2.327,2.924,7.274,2.736,
20260725_185346,20260725,131.0,4.089,0.932,-0.227,0.695,-0.221,-1.091,
20260725_185911,20260725,132.0,5.629,5.774,-0.232,2.104,2.588,-0.225,
20260725_190439,20260725,138.3,11.501,7.802,0.319,2.383,4.312,0.571,
20260725_191004,20260725,142.3,11.118,9.689,0.683,2.557,6.288,1.443,
20260725_191530,20260725,136.0,8.382,11.479,2.572,2.877,7.802,2.814,
20260725_192057,20260725,137.7,8.915,9.462,0.815,2.598,6.244,1.556,
20260725_192622,20260725,141.0,8.978,8.226,1.721,3.425,5.344,2.7,
20260725_193148,20260725,140.3,5.4,9.723,1.097,3.104,5.523,2.373,
20260725_193716,20260725,141.0,13.819,11.57,0.955,3.292,6.804,3.241,
20260725_194241,20260725,140.3,7.573,7.854,1.013,2.947,4.608,1.768,
20260725_194806,20260725,138.7,13.865,25.861,4.061,6.0,22.093,17.329,
20260725_195339,20260725,138.7,16.754,-28.12,-28.12,0.2,-28.121,-28.122,
20260725_195909,20260725,139.7,16.13,24.358,6.076,6.0,21.097,16.572,
20260725_200435,20260725,136.3,13.195,21.396,0.61,5.288,18.242,13.137,
20260725_201002,20260725,134.7,16.448,8.236,1.43,3.558,5.533,2.937,
20260725_201533,20260725,131.3,3.336,5.664,0.433,2.67,3.119,0.878,
20260725_202058,20260725,140.7,3.805,0.279,-1.628,6.0,-1.376,-1.302,
20260725_202708,20260725,141.0,9.078,9.539,1.217,3.08,6.458,2.733,
20260725_203238,20260725,142.7,9.35,9.935,1.478,2.98,6.781,2.671,
20260725_203804,20260725,148.0,3.596,7.175,0.334,2.641,3.392,0.911,
20260725_204331,20260725,154.0,3.649,3.727,0.496,3.027,1.247,0.508,
20260725_204857,20260725,160.3,3.0,4.003,0.788,2.842,2.212,0.771,
20260725_205422,20260725,162.7,5.32,-8.046,-8.224,6.0,-8.244,-8.221,
20260725_205949,20260725,160.3,4.553,10.168,1.5,2.558,6.194,1.422,
20260725_210516,20260725,155.0,7.413,1.478,0.216,0.708,-0.297,-1.521,
20260725_211046,20260725,153.3,6.553,4.792,0.205,2.355,1.916,0.219,
20260725_211614,20260725,155.7,2.547,2.644,-0.091,1.918,1.014,-0.312,
20260725_212140,20260725,154.7,4.984,5.934,0.743,2.597,3.024,0.752,
20260725_212705,20260725,153.0,4.31,4.025,0.021,2.215,1.693,0.021,
20260725_213232,20260725,152.0,2.866,4.87,-0.119,2.12,1.6,-0.115,
20260725_213757,20260725,154.3,3.437,6.012,0.382,2.388,2.771,0.375,
20260725_214323,20260725,153.3,2.331,5.418,0.361,2.487,1.761,0.34,
20260725_214851,20260725,154.7,2.225,4.877,-0.078,2.633,1.995,0.529,
20260725_215416,20260725,154.3,2.252,5.195,0.282,5.93,1.694,1.281,
20260725_215942,20260725,154.7,2.239,4.513,0.55,2.797,1.598,0.531,
20260725_220510,20260725,154.0,2.224,4.644,1.119,3.222,2.357,1.084,
20260725_221035,20260725,157.0,2.355,4.418,0.841,5.415,1.172,0.853,
20260725_221600,20260725,157.3,2.052,4.278,-0.361,3.035,1.036,0.425,
20260725_222127,20260725,158.0,2.039,4.187,0.129,1.641,0.543,-0.473,
20260725_222653,20260725,160.7,2.068,3.792,-0.123,2.078,1.027,-0.116,
20260725_223218,20260725,161.0,2.03,3.378,0.897,6.0,1.048,0.885,
20260725_223745,20260725,158.3,2.274,4.205,0.282,2.587,1.335,0.325,
20260725_224310,20260725,148.7,7.312,3.899,0.364,2.825,1.678,0.574,
20260725_224835,20260725,150.0,8.329,5.291,0.069,2.492,2.163,0.423,
20260725_225403,20260725,161.3,5.9,7.863,0.71,2.586,4.382,1.067,
20260725_225928,20260725,167.0,1.946,5.311,0.33,2.618,1.235,0.319,
20260725_230453,20260725,164.0,1.939,5.492,0.145,2.62,1.843,0.478,
20260725_231020,20260725,162.7,1.935,5.062,-0.303,2.027,1.784,-0.301,
20260725_231444,20260725,162.7,5.236,3.648,-0.315,1.392,0.437,-0.899,
20260725_231728,20260725,163.0,2.997,5.086,0.6,3.205,1.255,0.572,
20260725_232013,20260725,164.7,1.97,4.997,-0.135,2.099,1.293,-0.119,
20260725_232257,20260725,164.7,1.995,4.499,-0.12,2.103,1.188,-0.104,
20260725_232541,20260725,165.7,2.071,3.455,0.199,2.768,0.602,0.193,
20260725_232825,20260725,166.3,1.924,4.131,0.152,2.158,0.536,-0.019,
20260725_233109,20260725,165.3,1.987,4.032,0.3,1.846,0.356,-0.149,
20260725_233354,20260725,166.0,1.963,4.025,-0.858,1.781,1.075,-0.576,
20260725_233653,20260725,167.0,2.046,4.029,-0.013,2.174,0.25,-0.006,
20260725_233937,20260725,167.7,2.028,4.184,0.128,2.831,0.856,0.295,
20260725_234221,20260725,168.3,2.178,-5.692,-5.692,0.2,-6.298,-6.444,
20260725_234505,20260725,168.0,2.105,3.77,-0.473,1.786,0.839,-0.442,
20260725_234750,20260725,168.0,2.069,3.179,0.25,2.504,1.176,0.237,
20260725_235034,20260725,168.7,1.996,3.786,0.165,2.59,0.691,0.17,
20260725_235318,20260725,167.7,1.91,4.722,0.325,2.473,1.643,0.305,
20260725_235602,20260725,167.0,1.958,4.641,0.192,2.376,1.381,0.177,
20260725_235846,20260725,166.7,1.979,3.438,0.367,2.866,0.969,0.346,
20260726_000131,20260726,165.0,2.008,4.938,0.194,2.093,1.425,-0.139,
20260726_000415,20260726,165.0,1.931,3.915,0.002,2.202,0.878,0.001,
20260726_000659,20260726,165.0,1.939,4.963,-0.059,2.416,1.689,0.258,
20260726_000944,20260726,164.0,1.918,5.303,-0.095,2.474,1.46,0.272,
20260726_001228,20260726,163.0,1.961,4.49,-0.203,2.007,1.109,-0.212,
20260726_001512,20260726,161.3,1.88,4.538,-0.119,2.087,1.087,-0.113,
20260726_001757,20260726,160.0,1.847,4.497,0.073,3.255,1.278,0.598,
20260726_002041,20260726,156.3,1.851,3.662,-0.347,1.79,0.644,-0.334,
20260726_002326,20260726,154.0,1.786,4.705,0.202,2.383,1.749,0.231,
20260726_002610,20260726,149.3,1.837,5.021,0.722,3.069,1.731,0.727,
20260726_002855,20260726,143.7,1.985,4.349,1.036,4.473,1.557,1.019,
20260726_003139,20260726,136.3,2.086,5.121,1.035,3.68,2.53,1.397,
20260726_003423,20260726,127.0,2.245,4.497,0.632,3.771,1.838,1.042,
20260726_003708,20260726,119.3,2.407,5.304,0.776,3.155,2.312,1.025,
20260726_004005,20260726,115.3,2.428,5.294,0.92,2.94,2.44,0.931,
20260726_004250,20260726,112.0,2.576,5.077,0.864,2.827,3.109,1.066,
20260726_004616,20260726,102.0,2.366,5.062,1.141,4.084,2.567,1.568,
20260726_004901,20260726,92.0,2.614,5.631,1.047,3.255,2.74,1.282,
20260726_005145,20260726,75.7,3.014,5.296,0.31,2.803,3.341,1.117,
20260726_005430,20260726,55.3,3.682,6.981,1.162,3.17,4.665,2.086,
20260726_005714,20260726,40.0,4.396,5.55,1.209,3.25,4.126,1.925,
20260726_005959,20260726,26.0,5.122,8.829,3.077,3.932,6.719,3.969,
20260726_010142,20260726,18.3,5.988,7.101,3.192,6.0,5.702,5.173,
20260726_010706,20260726,3.3,10.259,12.097,3.231,3.429,10.609,5.367,
20260726_011308,20260726,0.0,24.477,16.374,12.723,6.0,16.374,16.367,
20260726_011834,20260726,,,,,,,,night
20260726_012357,20260726,,,,,,,,night
20260726_012921,20260726,,,,,,,,night
20260726_013447,20260726,,,,,,,,night
20260726_091836,20260726,,,,,,,,night
20260726_092403,20260726,,,,,,,,night
20260726_092926,20260726,,,,,,,,night
20260726_093450,20260726,,,,,,,,night
20260726_094016,20260726,0.0,27.51,15.6,15.6,1.0,15.6,15.6,
20260726_094539,20260726,0.0,14.78,10.928,5.477,5.023,10.928,7.668,
20260726_095103,20260726,7.3,8.221,8.771,3.142,4.157,8.15,5.052,
20260726_095334,20260726,15.3,6.486,6.912,1.735,4.413,5.888,3.818,
20260726_095619,20260726,26.3,5.024,6.227,2.141,6.0,5.38,4.216,
20260726_095903,20260726,40.7,3.895,5.577,1.981,5.485,4.156,3.044,
20260726_100159,20260726,66.0,3.084,5.733,1.803,5.228,2.952,2.115,
20260726_100444,20260726,76.7,2.836,5.153,1.799,4.081,3.862,2.358,
20260726_100728,20260726,87.0,2.522,5.847,1.078,3.165,2.934,1.307,
20260726_101013,20260726,100.7,2.369,5.173,0.951,3.648,2.949,1.613,
20260726_101258,20260726,105.3,2.402,4.958,1.103,3.178,2.477,1.112,
20260726_101542,20260726,110.0,2.511,4.715,1.14,2.837,3.218,1.115,
20260726_101827,20260726,117.0,2.309,4.512,0.461,2.502,2.284,0.46,
20260726_102111,20260726,125.3,2.185,4.804,0.502,3.131,1.965,0.859,
20260726_102356,20260726,133.0,1.992,3.566,0.489,3.043,1.157,0.478,
20260726_102640,20260726,138.3,1.874,4.282,0.525,2.795,1.561,0.518,
20260726_102925,20260726,142.7,1.842,4.559,0.706,2.811,2.096,0.707,
20260726_103209,20260726,146.7,1.776,3.983,0.466,3.021,1.581,0.642,
20260726_103453,20260726,150.0,1.724,4.023,0.676,3.565,1.327,0.706,
20260726_103738,20260726,152.3,1.656,3.276,0.283,2.638,1.06,0.283,
20260726_104022,20260726,153.7,1.764,3.752,0.353,2.79,1.045,0.345,
20260726_104306,20260726,154.7,1.748,4.074,0.385,2.857,1.043,0.369,
20260726_104550,20260726,154.3,1.782,4.355,0.349,3.216,0.769,0.353,
20260726_104835,20260726,153.3,1.737,3.705,0.288,3.759,0.488,0.275,
20260726_105119,20260726,153.0,1.728,3.344,-0.055,2.105,0.612,-0.053,
20260726_105418,20260726,154.3,1.784,4.515,0.758,3.916,1.271,0.748,
20260726_105703,20260726,155.3,1.855,4.306,0.217,2.538,1.026,0.226,
20260726_105947,20260726,154.3,1.888,4.284,-0.089,2.134,1.37,-0.08,
20260726_110231,20260726,155.0,1.874,3.871,0.83,6.0,0.902,0.779,
20260726_110515,20260726,153.0,1.943,4.022,0.448,2.825,1.2,0.411,
20260726_110759,20260726,153.3,2.405,4.514,0.55,2.952,1.382,0.532,
20260726_111044,20260726,153.0,3.948,2.757,0.271,4.401,0.966,0.625,
20260726_111328,20260726,156.0,4.713,7.054,0.869,2.961,3.76,1.459,
20260726_111612,20260726,156.7,5.318,13.158,2.031,3.158,9.247,4.104,
20260726_111857,20260726,157.7,8.053,18.188,1.759,4.202,14.42,9.016,
20260726_112141,20260726,156.0,7.866,4.721,0.857,4.534,1.804,1.192,
20260726_112425,20260726,154.0,6.46,2.501,0.476,4.392,0.606,0.391,
20260726_112710,20260726,151.7,2.835,1.984,0.542,6.0,0.58,0.542,
20260726_112954,20260726,151.3,2.813,3.433,0.114,3.215,1.286,0.589,
20260726_113238,20260726,153.0,2.006,3.616,-0.008,2.191,0.846,-0.007,
20260726_113522,20260726,152.7,2.97,6.018,0.581,2.634,2.808,0.746,
20260726_113807,20260726,152.3,3.142,-0.91,-0.924,0.2,-0.912,-0.939,
20260726_114108,20260726,153.0,2.685,5.028,0.487,2.594,1.914,0.473,
20260726_114637,20260726,153.3,2.535,6.525,0.778,2.648,2.925,0.795,
20260726_115202,20260726,156.3,2.023,3.329,0.669,3.818,1.126,0.646,
20260726_115728,20260726,157.3,4.095,5.355,1.06,3.27,2.261,1.066,
20260726_120256,20260726,158.0,3.061,4.262,-0.036,2.168,1.259,-0.035,
20260726_120822,20260726,159.0,1.936,3.107,0.511,3.564,0.964,0.513,
20260726_121348,20260726,159.3,2.057,4.601,0.094,2.297,1.119,0.084,
20260726_121915,20260726,158.3,1.821,4.149,0.036,2.234,1.248,0.034,
20260726_122442,20260726,157.7,1.736,4.234,0.356,3.454,0.999,0.51,
20260726_123007,20260726,155.3,1.814,4.046,0.906,4.072,1.455,0.886,
20260726_123536,20260726,156.0,1.814,3.951,0.651,4.26,0.998,0.631,
20260726_124102,20260726,156.0,1.751,3.945,0.279,2.452,1.605,0.279,
20260726_124628,20260726,157.3,1.777,4.163,4.163,0.2,0.9,0.984,
20260726_125156,20260726,156.0,1.882,4.169,0.513,4.128,1.476,0.91,
20260726_125723,20260726,157.0,1.864,3.681,0.164,2.498,1.164,0.231,
20260726_130249,20260726,157.3,1.807,4.191,0.433,3.032,1.027,0.421,
20260726_130818,20260726,157.7,1.846,4.07,0.588,3.566,1.464,0.779,
20260726_131345,20260726,158.0,1.864,4.154,0.6,3.677,1.151,0.635,
20260726_131911,20260726,157.3,2.006,3.986,0.952,5.246,1.889,1.355,
20260726_132439,20260726,158.3,1.993,4.538,0.787,3.057,1.873,0.78,
20260726_133006,20260726,157.7,1.988,4.466,1.232,5.029,1.79,1.257,
20260726_133533,20260726,159.0,1.998,4.029,0.902,3.87,1.522,0.886,
20260726_134102,20260726,154.3,2.135,4.726,0.725,3.037,1.739,0.714,
20260726_134628,20260726,155.7,2.106,4.702,0.779,3.136,1.724,0.756,
20260726_135154,20260726,154.7,2.12,4.465,0.276,2.53,1.267,0.273,
20260726_135722,20260726,155.3,2.11,4.143,0.48,3.023,1.348,0.548,
20260726_140248,20260726,156.0,2.123,4.083,1.003,3.314,2.083,1.003,
20260726_140818,20260726,154.7,2.111,3.969,0.524,4.9,1.943,1.345,
20260726_141348,20260726,155.7,2.098,4.259,0.85,3.48,1.636,0.844,
20260726_141916,20260726,158.0,2.096,4.076,0.894,4.428,1.675,1.088,
20260726_142445,20260726,157.3,8.314,-8.168,-8.168,0.2,-8.164,-8.18,
20260726_143058,20260726,157.7,3.211,7.029,1.596,3.545,3.381,1.787,
20260726_143626,20260726,149.3,2.853,6.615,1.392,3.098,3.662,1.568,
20260726_144154,20260726,150.7,3.124,4.16,0.243,2.481,1.243,0.236,
20260726_144723,20260726,152.0,2.28,4.592,1.004,3.403,1.969,0.986,
20260726_145252,20260726,151.3,4.071,5.566,0.511,4.128,2.191,1.351,
20260726_145818,20260726,154.0,5.93,-0.079,-0.079,0.2,-0.743,-0.744,
20260726_150348,20260726,147.3,11.035,3.174,-0.214,2.012,1.238,-0.23,
20260726_150916,20260726,150.3,5.211,8.762,1.365,2.641,5.445,1.465,
20260726_151444,20260726,153.0,7.426,16.053,2.598,4.268,11.737,7.427,
20260726_152012,20260726,146.7,10.95,-8.168,-8.168,0.2,-8.166,-8.166,
20260726_152540,20260726,147.3,9.419,-23.732,-23.732,0.2,-23.731,-23.756,
20260726_153106,20260726,142.3,2.396,3.505,-0.113,2.123,1.595,-0.109,
20260726_153634,20260726,139.3,8.702,-1.407,-1.407,0.2,-1.482,-1.729,
20260726_154202,20260726,142.7,5.517,5.37,1.364,4.043,2.366,1.433,
20260726_154727,20260726,129.7,11.09,18.095,3.238,3.84,14.706,8.491,
20260726_155255,20260726,141.7,5.787,5.478,0.299,2.691,2.674,0.777,
20260726_155820,20260726,141.7,9.914,10.434,2.561,3.104,7.506,3.225,
20260726_160345,20260726,143.3,3.764,5.274,0.977,3.212,2.653,1.214,
20260726_160913,20260726,141.0,3.073,-4.539,-4.539,0.2,-4.538,-4.749,
20260726_161443,20260726,142.0,2.58,4.372,0.042,2.242,1.177,0.04,
20260726_162008,20260726,143.7,2.491,4.085,0.908,4.555,1.346,0.892,
20260726_162536,20260726,142.0,11.428,10.682,1.512,3.09,7.0,2.981,
20260726_163101,20260726,140.3,12.829,-17.489,-17.488,6.0,-17.489,-17.488,
20260726_163626,20260726,138.3,6.017,6.868,0.911,3.088,3.19,1.357,
20260726_164154,20260726,132.0,2.985,4.048,4.049,0.2,0.737,1.11,
20260726_164719,20260726,135.3,2.497,4.564,0.973,4.261,1.856,1.173,
20260726_165244,20260726,139.0,7.3,-1.404,-1.404,0.2,-2.164,-2.925,
20260726_165812,20260726,133.0,10.72,-2.1,-2.1,0.2,-2.993,-3.322,
20260726_170337,20260726,136.7,8.964,12.227,2.533,3.392,8.48,4.225,
20260726_170902,20260726,135.7,4.56,-3.062,-3.239,6.0,-3.254,-3.244,
20260726_171430,20260726,140.3,5.499,-6.005,-5.984,6.0,-6.001,-5.995,
20260726_171955,20260726,138.3,10.418,-2.07,-2.07,0.2,-2.722,-2.729,
20260726_172604,20260726,138.0,2.981,4.466,0.173,2.372,1.384,0.173,
20260726_173132,20260726,137.7,3.455,3.0,-0.465,1.742,0.777,-0.479,
20260726_173657,20260726,137.3,7.509,22.353,2.881,5.478,19.191,14.048,
20260726_174223,20260726,138.7,4.749,13.759,1.219,3.689,10.258,5.681,
20260726_174751,20260726,137.7,7.401,5.65,0.407,2.521,2.836,0.598,
20260726_175316,20260726,134.0,5.752,0.195,0.195,0.2,-1.065,-1.569,
20260726_175842,20260726,132.0,7.099,4.692,0.337,2.514,1.635,0.339,
20260726_180414,20260726,130.0,10.043,-6.201,-6.243,6.0,-6.244,-6.24,
20260726_180940,20260726,132.3,5.307,-1.216,-1.463,6.0,-1.43,-1.428,
20260726_181505,20260726,141.0,5.912,10.412,1.886,2.778,7.195,2.339,
20260726_182034,20260726,137.7,7.279,3.726,0.706,2.905,2.071,0.766,
20260726_182559,20260726,135.0,6.698,11.772,1.241,3.371,8.522,4.209,
20260726_183124,20260726,135.0,5.885,8.227,1.724,3.731,5.263,2.95,
20260726_183651,20260726,131.3,4.917,6.355,0.971,3.777,3.559,2.021,
20260726_184217,20260726,130.0,5.235,7.29,1.538,3.364,4.22,2.078,
20260726_184742,20260726,128.7,3.399,2.569,0.55,4.605,0.856,0.571,
20260726_185310,20260726,127.7,4.257,5.69,0.592,2.424,3.761,0.591,
20260726_185835,20260726,132.0,4.184,5.066,1.086,2.995,2.724,1.085,
20260726_190400,20260726,142.0,3.772,8.211,0.748,2.492,4.767,0.934,
20260726_190928,20260726,149.7,3.004,6.538,0.547,2.483,3.7,0.705,
20260726_191454,20260726,149.7,5.213,-1.492,-1.71,6.0,-1.71,-1.71,
20260726_192020,20260726,143.3,3.893,7.967,1.405,2.832,5.203,1.794,
20260726_192547,20260726,144.0,5.327,-2.132,-2.545,6.0,-2.54,-2.538,
20260726_193113,20260726,147.3,4.232,4.433,0.526,3.896,1.795,1.051,
20260726_193638,20260726,152.7,3.989,8.392,2.049,3.124,5.125,2.229,
20260726_194206,20260726,152.3,5.471,7.728,1.007,2.798,3.981,1.323,
20260726_194731,20260726,155.7,3.452,6.361,0.748,2.597,2.814,0.7,
20260726_195256,20260726,166.3,3.221,6.872,1.589,2.841,4.436,1.545,
20260726_195824,20260726,170.7,4.587,11.875,1.951,3.057,8.045,3.352,
20260726_200349,20260726,165.7,3.698,0.96,0.959,0.2,0.323,0.452,
20260726_200915,20260726,162.7,3.764,-4.857,-4.851,6.0,-4.856,-4.853,
20260726_201447,20260726,156.0,3.911,12.432,1.505,3.25,9.389,4.381,
20260726_202012,20260726,160.3,2.588,2.711,2.397,0.2,0.364,0.399,
20260726_202621,20260726,151.7,7.704,7.746,1.065,3.357,4.807,2.359,
20260726_203148,20260726,143.7,8.617,-29.744,-29.744,1.0,-29.744,-29.744,
20260726_203713,20260726,135.3,4.973,-0.653,-0.653,0.2,-1.535,-1.839,
20260726_204239,20260726,131.7,5.21,11.271,2.766,3.158,7.89,3.503,
20260726_204806,20260726,123.0,3.385,-0.687,-1.296,6.0,-1.303,-1.294,
20260726_205332,20260726,113.7,6.435,-0.714,-1.312,6.0,-0.936,-0.876,
20260726_205857,20260726,118.7,4.886,13.94,2.136,4.536,12.144,8.023,
20260726_210425,20260726,125.7,3.328,6.907,0.992,2.9,3.778,1.392,
20260726_210951,20260726,124.7,3.122,2.62,0.09,6.0,0.758,0.748,
20260726_211517,20260726,115.7,2.656,4.275,0.12,2.419,2.273,0.35,
20260726_212044,20260726,114.0,3.115,5.364,0.678,3.81,2.762,1.583,
20260726_212609,20260726,112.7,5.034,1.386,-0.202,1.444,0.248,-0.422,
20260726_213134,20260726,110.3,4.666,7.9,0.905,2.617,5.234,1.35,
20260726_213707,20260726,106.3,3.839,6.687,1.082,2.841,4.07,1.418,
20260726_214232,20260726,105.7,6.263,2.706,0.013,2.215,1.096,0.013,
20260726_214757,20260726,112.7,3.137,3.687,0.134,2.817,1.426,0.484,
20260726_215325,20260726,109.0,5.604,1.228,-0.242,6.0,-0.075,-0.071,
20260726_215850,20260726,128.0,3.413,7.54,1.032,2.896,4.506,1.654,
20260726_220416,20260726,127.0,3.775,-2.377,-2.377,0.2,-2.39,-2.925,
20260726_220943,20260726,134.3,3.538,5.503,0.58,2.807,3.037,1.021,
20260726_221509,20260726,135.3,3.346,-1.241,-1.241,0.2,-1.615,-1.808,
20260726_222034,20260726,145.0,2.955,5.078,0.128,2.649,1.664,0.453,
20260726_222602,20260726,160.0,3.437,5.21,0.862,3.236,2.998,1.389,
20260726_223128,20260726,164.0,3.155,3.82,0.441,2.542,1.96,0.435,
20260726_223654,20260726,162.0,4.258,3.348,3.347,0.2,1.185,1.504,
20260726_224222,20260726,160.3,2.89,2.865,0.756,5.083,1.125,0.794,
20260726_224747,20260726,161.0,3.542,9.755,1.48,2.769,6.276,2.018,
20260726_225312,20260726,159.7,3.197,2.679,0.611,3.206,1.34,0.611,
20260726_225840,20260726,162.3,3.605,1.831,0.5,3.812,0.888,0.509,
20260726_230405,20260726,159.7,5.065,12.545,2.084,3.035,8.73,3.583,
20260726_230930,20260726,158.0,4.812,10.491,1.314,2.804,6.896,2.31,
20260726_231425,20260726,156.7,3.753,4.896,0.519,2.933,1.859,0.705,
20260726_231709,20260726,156.7,4.788,-3.018,-3.162,6.0,-3.173,-3.165,
20260726_231953,20260726,160.3,5.123,7.325,1.148,2.744,3.742,1.167,
20260726_232238,20260726,163.0,4.164,6.257,0.481,2.694,2.896,0.844,
20260726_232537,20260726,163.7,5.564,-0.65,-0.65,0.2,-1.383,-1.579,
20260726_232822,20260726,166.0,5.663,18.398,1.366,4.247,14.833,9.351,
20260726_233106,20260726,164.0,6.548,24.976,2.549,6.0,22.11,16.88,
20260726_233350,20260726,160.7,6.655,5.504,1.125,3.308,2.342,1.124,
20260726_233635,20260726,160.0,5.681,4.384,0.492,4.198,1.902,1.188,
20260726_233919,20260726,158.0,3.558,5.013,0.816,2.804,2.392,0.801,
20260726_234203,20260726,154.0,4.499,-0.097,-0.097,0.2,-0.962,-1.177,
20260726_234448,20260726,151.0,3.906,4.713,1.037,3.091,2.528,1.077,
20260726_234732,20260726,149.7,3.708,6.2,0.588,2.519,2.784,0.585,
20260726_235016,20260726,149.0,3.418,3.639,0.071,2.273,1.218,0.07,
20260726_235301,20260726,150.3,3.541,10.016,1.329,2.622,6.349,1.651,
20260726_235545,20260726,153.3,3.212,5.025,0.693,2.738,2.225,0.689,
20260726_235829,20260726,158.7,2.472,5.126,0.15,2.334,1.408,0.141,
20260727_000114,20260727,161.0,1.913,5.056,0.418,2.537,1.737,0.381,
20260727_000358,20260727,163.7,1.935,4.623,-0.001,2.199,1.337,-0.001,
20260727_000642,20260727,163.7,1.926,4.904,0.023,2.216,1.789,0.024,
20260727_000926,20260727,164.0,2.013,4.618,0.48,2.763,1.443,0.461,
20260727_001211,20260727,164.3,2.211,4.301,0.425,2.992,1.055,0.42,
20260727_001455,20260727,163.7,2.312,5.025,0.623,2.903,1.696,0.626,
20260727_001740,20260727,162.0,1.679,4.382,0.218,2.402,1.465,0.211,
20260727_002024,20260727,158.3,1.777,5.112,0.322,2.43,1.977,0.317,
20260727_002309,20260727,152.0,1.897,4.821,1.17,3.532,2.079,1.094,
20260727_002553,20260727,145.0,3.184,3.426,0.82,6.0,1.122,0.984,
20260727_002853,20260727,135.3,4.371,-7.327,-7.668,6.0,-7.704,-7.687,
20260727_003137,20260727,125.7,2.248,5.16,1.073,4.335,2.792,1.787,
20260727_003422,20260727,119.3,2.231,4.763,1.859,6.0,2.625,2.016,
20260727_003706,20260727,116.3,2.514,5.113,1.013,2.684,3.312,0.952,
20260727_003951,20260727,113.0,2.41,5.227,5.227,0.2,3.82,3.875,
20260727_004236,20260727,104.0,2.331,5.031,3.223,6.0,3.772,3.188,
20260727_004529,20260727,95.0,2.537,5.327,3.649,6.0,3.76,3.568,
20260727_004814,20260727,81.3,2.91,5.423,4.901,6.0,5.041,4.768,
20260727_005058,20260727,63.0,3.528,7.25,5.199,6.0,6.061,5.3,
20260727_005343,20260727,47.3,4.009,6.221,4.32,6.0,5.526,5.453,
20260727_005628,20260727,32.7,4.956,7.338,5.113,6.0,6.117,5.17,
20260727_005913,20260727,20.0,6.188,7.889,6.19,6.0,7.226,6.665,
20260727_010054,20260727,14.0,6.67,7.294,5.865,6.0,7.294,6.522,
20260727_010622,20260727,1.0,13.739,11.223,8.724,6.0,11.223,10.097,
20260727_011224,20260727,0.0,26.477,18.086,18.086,1.0,18.086,18.086,
20260727_011748,20260727,,,,,,,,night
20260727_012318,20260727,,,,,,,,night
20260727_012842,20260727,,,,,,,,night
20260727_013405,20260727,,,,,,,,night
20260727_091833,20260727,,,,,,,,night
20260727_092356,20260727,,,,,,,,night
20260727_092922,20260727,,,,,,,,night
20260727_093445,20260727,,,,,,,,night
20260727_094013,20260727,,,,,,,,night
20260727_094539,20260727,0.0,24.107,17.231,17.231,1.0,17.231,17.231,
20260727_095102,20260727,3.0,11.79,9.766,7.363,6.0,9.766,8.951,
20260727_095517,20260727,14.7,6.874,9.995,5.335,4.874,9.994,6.899,
20260727_095801,20260727,23.3,5.917,7.995,5.682,6.0,7.072,6.608,
20260727_100046,20260727,38.0,4.655,6.98,5.463,6.0,6.195,6.195,
20260727_100331,20260727,52.3,3.695,6.603,6.603,0.2,5.936,5.967,
20260727_100616,20260727,68.7,3.389,5.975,4.308,6.0,5.078,4.447,
20260727_100900,20260727,83.0,2.947,5.953,4.248,6.0,5.047,4.53,
20260727_101145,20260727,97.0,2.53,4.295,3.584,6.0,3.921,3.524,
20260727_101429,20260727,103.0,2.411,4.818,3.275,6.0,4.401,3.588,
20260727_101714,20260727,107.3,2.332,3.868,2.652,6.0,3.461,2.901,
20260727_101959,20260727,109.7,2.353,4.466,3.195,6.0,3.833,3.271,
20260727_102256,20260727,112.7,2.244,4.573,2.994,6.0,4.192,3.259,
20260727_102540,20260727,115.3,2.465,4.587,1.326,3.462,2.854,1.463,
20260727_102825,20260727,118.0,2.203,4.476,2.08,6.0,2.629,2.008,
20260727_103109,20260727,121.7,2.276,4.997,0.871,2.71,2.805,0.837,
20260727_103353,20260727,128.0,2.101,4.655,0.79,2.845,2.178,0.761,
20260727_103638,20260727,133.0,2.025,4.33,1.097,3.875,2.093,1.22,
20260727_103922,20260727,138.0,2.045,4.512,1.156,3.687,2.344,1.298,
20260727_104207,20260727,144.0,1.912,4.989,0.661,3.825,2.268,1.305,
